match_id,account_id,hero_id,player_slot,gold,gold_spent,gold_per_min,xp_per_min,kills,deaths,assists,denies,last_hits,stuns,hero_damage,hero_healing,tower_damage,item_0,item_1,item_2,item_3,item_4,item_5,level
1,0,7,0,76,12160,218,206,3,4,9,0,36,37.9243,4075,0,0,0,0,0,0,0,0,12
1,7,82,1,9,19625,581,756,9,10,8,9,343,0,13888,0,1679,48,0,176,96,1,108,25
1,0,71,2,1240,10220,339,352,5,13,11,3,76,99.9916,7788,0,81,172,181,63,116,9,73,16
1,8,39,3,2400,14395,460,544,12,15,9,8,169,30.2234,19920,0,123,116,127,63,46,100,0,21
1,4,21,4,1051,12910,365,436,6,11,12,7,131,47.5044,12913,0,537,50,36,41,168,108,21,18
1,9,73,128,1277,20275,600,509,2,12,24,2,220,86.2695,14130,0,1765,178,137,1,24,129,48,20
1,0,22,129,847,21840,487,517,8,5,17,0,193,1.00076,19218,0,988,201,1,190,48,65,235,20
1,0,5,130,389,19165,488,583,14,8,9,0,101,2.20195,11398,0,971,254,102,0,116,108,48,21
1,5,67,131,4055,24165,631,755,16,5,21,11,226,0,28505,0,6149,158,50,147,196,114,46,25
1,0,106,132,2517,22305,585,753,10,7,12,3,250,0,20065,0,1275,48,0,1,141,145,145,25
2,10,51,0,259,7990,237,249,5,13,7,3,97,66.2857,15638,0,39,127,102,41,36,214,46,14
2,11,109,1,781,12515,322,358,6,11,5,1,179,0,7989,16,1446,147,185,36,63,46,162,17
2,12,9,2,640,13845,355,425,10,6,8,3,154,70.0816,14295,0,217,170,63,36,212,166,123,19
2,13,41,3,667,13260,328,345,0,9,4,3,154,14.0544,3159,0,0,116,145,172,65,29,0,17
2,0,27,4,147,7380,189,229,1,10,7,0,41,33.0944,4962,0,184,180,60,46,23,21,0,13
2,0,38,128,785,20500,450,567,13,7,18,4,163,32.4821,14580,706,1438,1,0,110,63,81,108,22
2,0,7,129,479,15760,376,461,5,6,28,2,78,76.0841,13796,0,729,190,102,1,180,108,0,20
2,0,10,130,2298,20735,493,535,17,2,14,5,170,18.3364,15755,0,3141,139,164,63,147,123,0,21
2,0,12,131,4448,13990,389,454,7,2,13,2,111,0,12177,467,2131,63,81,174,147,46,0,19
2,0,85,132,3167,10635,313,363,6,5,17,3,51,0,4950,572,551,88,242,46,180,108,0,17
3,14,50,0,1847,9690,290,378,4,13,21,8,47,3.01025,7691,10814,371,231,0,94,0,0,0,19
3,0,44,1,1145,18550,498,619,24,13,22,4,170,0.36778299999999997,27738,0,450,63,154,116,164,0,135,24
3,0,32,2,1244,17825,454,635,17,11,18,5,144,11.8412,23279,0,1987,196,143,116,71,154,63,25
3,15,26,3,527,11565,286,351,2,17,21,2,71,84.1923,8725,0,296,1,102,37,48,214,40,18
3,16,39,4,1692,19055,453,620,17,12,10,13,148,0,19082,0,1500,63,41,96,108,0,123,24
3,17,78,128,1807,20350,459,632,13,8,20,3,128,28.7416,19952,0,1808,210,112,1,180,0,135,25
3,0,19,129,2205,24295,523,630,18,11,19,9,183,77.1635,32146,0,3753,152,108,247,116,141,63,25
3,18,31,130,950,13280,323,436,7,16,24,3,44,0.8009769999999999,13820,1046,152,0,79,214,92,119,46,20
3,19,40,131,968,13000,331,302,5,19,28,0,105,0,13472,0,355,178,190,180,42,60,108,17
3,20,47,132,24,23505,500,631,20,11,19,14,166,0,27992,0,3241,98,249,0,116,63,51,25
4,0,8,0,4817,18605,732,683,8,2,10,14,268,0,11050,0,9411,1,50,147,0,145,247,20
4,21,39,1,3374,19675,707,694,18,4,9,5,139,0.100312,24979,0,1581,41,116,185,63,108,135,20
4,22,55,2,1315,14025,424,372,1,3,13,0,114,4.13965,6395,0,490,178,90,180,1,46,102,14
4,23,87,3,2306,9225,348,309,1,4,15,7,27,0,5420,0,319,65,108,46,214,16,16,13
4,24,69,4,2287,17450,624,541,9,3,12,0,120,0.366836,9916,2328,1261,1,231,65,46,81,108,18
4,25,101,128,994,7770,308,309,4,7,5,2,9,0,5813,446,0,37,92,180,16,254,218,13
4,26,100,129,102,5560,235,205,3,9,5,0,41,32.3754,7399,0,0,46,41,185,181,0,50,11
4,0,22,130,315,7770,271,313,4,5,6,0,61,2.00098,16016,0,0,180,178,190,102,46,0,13
4,5,67,131,517,10965,418,467,4,5,6,15,159,0,13006,0,0,170,50,36,56,137,0,16
4,27,21,132,102,6915,289,272,1,11,8,4,99,24.155,7830,0,45,41,50,77,23,60,21,12
5,0,32,0,3557,9115,496,507,13,6,14,1,37,0,12298,0,1022,196,71,63,181,36,170,15
5,28,27,1,2496,8655,411,309,3,7,16,2,54,12.197,5459,0,1894,214,36,46,60,1,30,11
5,5,67,2,2306,15665,631,644,13,3,19,12,118,0,16923,0,2547,137,50,36,71,147,212,17
5,0,106,3,1714,15015,604,626,14,1,21,7,99,0,20239,0,1241,48,170,145,185,1,41,17
5,29,71,4,271,10560,423,388,6,6,17,1,18,86.1794,8002,324,16,181,92,226,63,0,40,13
5,30,28,128,529,7210,321,302,2,10,4,11,81,51.221,2979,0,20,1,102,34,63,0,182,11
5,0,107,129,760,6945,319,330,5,12,8,0,16,34.0917,7764,0,0,190,36,92,180,73,0,12
5,31,62,130,987,6330,312,269,5,9,6,2,14,1.8,7405,0,0,86,181,180,40,36,1,11
5,0,84,131,1839,4490,285,346,2,9,8,4,18,18.7455,4806,0,0,0,60,46,36,0,29,13
5,0,11,132,3,10285,420,430,7,11,9,12,125,0,12035,0,0,26,63,46,162,0,116,14
6,28,20,0,524,10595,320,348,1,7,14,2,38,29.3819,5533,0,775,48,36,59,40,229,212,15
6,32,8,1,674,24215,719,776,20,3,9,7,290,5.5189900000000005,22060,0,3671,145,208,147,48,0,1,22
6,5,67,2,1289,18775,543,628,5,2,18,2,198,0,18519,0,2796,196,63,147,212,36,137,20
6,33,69,3,5056,14440,564,507,10,10,13,1,163,0.300571,16516,286,802,50,81,119,73,154,0,18
6,34,100,4,2687,14475,425,426,4,7,19,0,106,56.7867,11005,1195,423,231,36,92,46,152,0,16
6,35,30,128,867,7855,293,326,4,10,13,0,15,84.4562,8757,4445,163,254,46,37,36,180,188,14
6,36,41,129,93,17485,460,483,8,7,8,16,178,35.9411,12937,0,275,212,158,63,108,172,46,18
6,37,102,130,1737,8630,329,443,3,6,15,3,58,0,8781,4679,729,36,187,50,181,0,81,17
6,38,85,131,560,6425,245,250,5,11,15,0,44,0,6723,2049,310,182,0,46,0,231,0,12
6,0,11,132,1229,15335,531,551,8,10,9,6,224,0,15395,0,1492,63,41,36,212,116,154,19
7,39,53,0,3239,20220,607,517,9,3,14,1,228,0,9823,0,4327,204,194,88,37,65,48,19
7,40,44,1,1524,24835,638,816,16,3,13,14,200,13.7884,20971,0,4028,116,160,164,143,135,63,24
7,0,96,2,1557,12830,385,391,4,7,19,4,81,41.9868,11328,0,814,1,127,40,214,108,61,16
7,0,14,3,1343,17770,444,505,14,7,8,4,23,16.867,9760,1428,482,102,41,1,114,0,214,19
7,0,74,4,4237,15530,557,609,11,6,17,11,146,52.7943,16167,0,2179,108,1,100,48,65,40,21
7,0,93,128,912,17725,558,776,6,10,7,7,222,0,11362,0,111,65,249,116,63,212,51,24
7,41,30,129,1024,6930,250,240,6,11,4,3,53,40.3293,5901,70,0,0,116,0,180,0,182,13
7,0,35,130,1365,7740,301,320,3,12,10,0,86,0.266646,7921,0,0,63,36,249,0,46,0,15
7,42,21,131,280,15800,440,593,6,10,6,7,174,50.4703,10534,0,0,116,50,41,46,168,108,21
7,43,26,132,408,5015,191,225,1,12,8,1,52,29.1297,3705,0,0,36,187,0,214,0,77,12
8,44,44,0,237,11450,403,399,5,10,7,1,133,0,7074,0,65,145,29,71,116,46,164,15
8,45,28,1,1043,9555,352,410,3,9,7,2,64,44.0387,4474,0,527,1,151,63,46,21,8,16
8,0,85,2,1492,6005,246,269,2,6,7,6,31,0,5619,85,148,242,180,0,0,0,0,13
8,0,22,3,2716,7220,358,379,4,13,7,0,90,1.43356,10425,0,164,108,41,180,0,0,77,15
8,0,30,4,458,8570,303,394,3,13,9,7,24,40.7271,8786,3375,242,29,73,254,44,60,181,15
8,0,71,128,1712,14295,461,476,9,3,11,0,52,73.4949,8562,405,959,9,92,249,63,55,46,17
8,46,93,129,1123,19225,588,686,17,2,8,3,113,7.84124,16569,0,550,170,249,135,212,63,143,20
8,47,46,130,4926,14520,604,733,15,4,11,5,103,0,20864,0,3889,41,168,50,0,141,1,21
8,0,18,131,1686,16120,545,500,4,4,7,7,204,25.7897,8920,0,4207,172,4,63,116,55,141,17
8,48,39,132,2882,11995,439,405,5,5,13,3,69,0,10620,0,2251,46,77,123,63,181,108,16
9,0,58,0,974,13765,309,465,8,8,11,5,54,0,10240,2035,467,73,48,79,108,149,0,20
9,0,28,1,874,7300,221,244,5,17,4,7,48,31.742,3368,0,212,182,36,63,1,8,21,15
9,0,44,2,68,18675,395,437,12,12,14,21,195,6.22168,15172,0,412,145,50,116,168,143,0,20
9,0,86,3,497,8980,232,281,4,14,15,3,42,89.6253,9757,325,280,1,41,180,90,43,0,16
9,0,39,4,599,14345,393,615,8,7,20,8,180,0,20021,0,530,98,63,41,129,108,77,24
9,49,36,128,5389,18175,500,659,16,5,25,0,187,23.0754,15487,3097,2594,94,137,63,108,46,160,25
9,50,26,129,3522,16475,404,615,11,6,23,12,47,101.144,17446,0,287,104,176,214,1,108,46,24
9,51,74,130,2012,14135,356,395,9,12,18,7,63,61.316,16312,0,1410,41,50,98,3,135,2,19
9,52,48,131,3925,28675,651,658,15,3,14,6,358,13.2654,21432,0,5486,116,249,156,147,139,63,25
9,0,14,132,1679,10175,332,399,6,14,18,3,77,31.0308,11241,0,92,214,131,108,61,0,0,19
10,0,35,0,3063,7560,398,366,4,2,6,14,85,0.133262,6450,0,1137,152,44,212,55,0,63,13
10,0,50,1,252,6355,243,274,0,2,3,3,7,0,1034,2344,503,180,40,187,46,44,0,11
10,53,44,2,6957,17325,917,871,24,1,3,11,224,13.5644,26143,0,3719,50,208,46,41,145,168,20
10,54,69,3,835,13040,533,402,3,4,2,0,114,0.0333154,2709,421,608,65,1,50,11,81,108,14
10,55,29,4,673,10925,415,570,1,4,14,1,52,27.860500000000002,8670,213,425,1,231,19,73,46,36,16
10,56,14,128,765,3500,205,198,3,10,3,0,13,17.2961,4862,0,0,214,4,41,19,0,0,9
10,57,103,129,28,5550,225,205,2,7,4,0,19,49.0547,5451,0,0,0,36,29,0,46,229,9
10,58,72,130,1701,7000,386,449,5,6,3,6,119,8.33132,9289,0,109,63,164,36,0,212,170,14
10,59,56,131,113,5245,220,271,2,5,2,1,24,0,4187,0,520,98,0,29,0,0,0,11
10,60,30,132,498,4105,211,198,1,7,4,0,25,50.7206,7897,0,6,94,180,60,39,0,0,9
11,0,94,0,1272,25545,581,593,7,8,19,5,427,32.6871,18083,0,543,158,50,65,160,247,139,25
11,0,28,1,552,17525,339,462,3,13,13,8,170,43.2995,5810,0,101,1,116,0,50,112,46,22
11,0,3,2,2365,11410,307,517,4,8,14,2,25,145.831,6753,0,15,29,1,36,43,127,108,23
11,0,11,3,1181,26930,597,597,21,11,7,8,309,0.10030299999999999,21868,0,543,63,164,249,135,160,116,25
11,61,50,4,3832,12075,310,430,5,9,11,0,54,1.53857,4001,2982,22,90,92,40,180,187,0,21
11,62,40,128,3932,17210,423,469,11,7,22,8,160,0,23286,0,739,50,152,108,123,46,40,22
11,63,75,129,3343,24220,564,601,15,11,17,6,236,0,20613,1382,1065,123,231,1,65,108,206,25
11,0,46,130,4149,28215,603,599,14,3,8,8,364,0,21795,0,6416,116,48,1,112,139,168,25
11,64,96,131,5288,16025,448,592,8,9,15,4,163,48.3387,15146,0,551,0,210,1,127,214,114,25
11,65,104,132,754,18975,423,426,0,12,10,1,286,0,5272,0,2439,1,127,112,5,63,168,21
12,66,93,0,1541,26485,554,498,18,13,14,4,348,44.2536,23671,0,2495,208,48,249,135,170,0,25
12,67,74,1,6259,28935,584,487,19,9,23,25,447,149.446,26284,0,2884,108,48,116,1,235,0,25
12,68,22,2,1837,14735,276,368,5,9,32,1,145,3.13357,22407,0,173,178,29,30,1,194,102,21
12,69,101,3,814,15755,337,464,13,13,24,4,105,0,16775,0,308,26,102,96,46,180,94,24
12,70,41,4,1540,27280,522,494,9,12,23,17,411,49.8266,12707,0,926,158,52,116,172,220,108,25
12,71,105,128,1157,23525,419,414,15,13,6,0,233,29.2632,20213,0,403,102,37,108,235,121,29,23
12,0,21,129,216,21830,453,487,12,12,11,5,212,73.4854,23446,0,3000,48,1,141,21,51,108,25
12,0,1,130,1554,39915,688,487,17,10,4,1,627,32.7706,20328,613,5553,48,145,139,147,208,114,25
12,72,7,131,114,24685,362,403,4,27,9,1,134,89.807,9870,0,880,0,1,65,102,48,226,22
12,73,18,132,2302,23640,422,486,7,13,16,4,160,53.1538,15999,0,1900,1,141,116,63,247,0,25
13,0,81,0,3534,16720,496,527,5,6,6,9,271,21.2435,5843,0,3520,112,40,164,63,147,151,20
13,0,100,1,1309,14230,409,393,8,9,11,0,81,32.9661,12612,0,0,168,152,50,36,46,185,17
13,74,25,2,903,15705,390,379,8,3,8,2,116,57.8512,11122,216,1842,121,50,100,0,21,46,17
13,0,63,3,853,15735,410,502,3,4,12,1,134,0,8169,0,2659,63,212,123,46,168,51,19
13,0,32,4,3443,13510,416,524,10,3,4,4,91,2.60908,11532,0,1801,196,181,154,30,63,143,20
13,75,6,128,1160,11800,340,338,4,5,6,2,131,0.200615,7503,0,1733,63,135,152,0,44,164,16
13,76,60,129,569,14665,376,429,7,4,5,17,192,1.80171,7619,240,839,63,46,92,0,112,108,18
13,0,74,130,712,8495,267,300,5,9,8,1,63,25.0634,7039,0,382,29,1,100,77,23,21,15
13,0,7,131,1065,8660,274,341,3,13,12,3,73,98.7213,8914,0,214,1,180,218,0,46,0,16
13,77,21,132,478,13835,376,421,6,5,5,4,158,28.8984,9422,0,538,1,50,102,41,46,108,18
14,0,75,0,1509,8740,368,342,4,5,6,9,41,2.53271,8787,0,797,63,100,36,46,67,43,13
14,0,1,1,1941,11785,500,377,4,5,5,13,148,0.500513,5655,0,1645,145,147,16,0,0,63,14
14,53,44,2,4267,23190,926,1102,22,3,1,13,274,15.7347,25731,0,3757,208,50,145,170,0,112,24
14,0,7,3,2740,9325,427,372,3,4,12,2,58,36.6104,6092,0,638,60,0,180,1,46,0,14
14,78,28,4,4219,10620,512,522,8,4,7,4,92,46.3562,10271,0,1557,0,168,1,151,63,0,16
14,79,100,128,1445,5590,304,366,2,11,2,3,75,21.6281,6205,0,0,185,11,50,46,30,215,14
14,80,22,129,1633,6780,354,476,5,11,4,0,29,1.30024,9329,0,0,41,190,23,21,180,0,16
14,81,105,130,53,5725,202,216,7,6,1,0,20,6.56506,8783,0,0,59,60,178,0,21,0,11
14,0,32,131,1695,4935,265,349,2,7,1,4,48,0,2586,0,0,22,63,44,71,22,19,13
14,0,33,132,188,8070,308,333,4,8,4,0,68,7.39868,3389,0,0,1,92,116,29,0,0,13
15,0,20,0,1056,15300,353,534,6,9,19,0,61,47.3095,10035,0,1134,102,90,48,229,0,212,23
15,82,104,1,1064,20225,507,625,16,12,15,1,247,0.6687109999999999,16019,0,3888,48,71,135,1,247,112,25
15,0,2,2,2310,11540,332,384,7,17,8,1,98,0,9311,0,651,1,127,36,0,125,48,19
15,83,93,3,2297,12770,384,616,7,13,20,1,128,0.200625,12985,0,1349,41,152,63,181,46,135,24
15,0,34,4,1311,18820,514,622,16,14,13,11,241,0,26112,0,386,41,176,204,1,178,48,25
15,0,14,128,2128,22425,517,627,12,14,23,3,125,49.6025,25387,0,2108,102,127,114,48,108,0,25
15,0,21,129,2063,17185,453,582,11,11,12,9,149,41.9745,15611,0,6239,48,108,50,166,135,0,24
15,76,47,130,5576,18285,500,626,14,8,20,6,149,0,15626,0,3660,63,46,147,212,108,139,25
15,0,22,131,2132,18565,459,610,13,9,28,0,117,3.6028700000000002,28241,0,209,235,108,110,180,41,0,24
15,84,44,132,2057,21175,528,627,12,14,17,3,299,7.45933,15704,0,3176,145,0,48,116,168,143,25
16,0,2,0,1099,16475,412,463,8,15,11,1,257,0,11004,0,445,1,127,58,242,90,214,22
16,0,86,1,610,16285,353,477,2,4,18,5,143,76.9391,8208,0,151,180,108,102,1,58,0,22
16,85,81,2,2457,19170,427,498,15,13,6,6,201,38.6888,17867,0,2913,151,116,164,63,170,112,23
16,0,4,3,3907,18880,484,586,15,8,12,9,256,2.07393,21934,554,1981,127,36,114,63,143,154,25
16,0,14,4,2593,14330,354,469,9,9,10,1,117,32.5207,12417,0,336,214,108,41,1,119,46,22
16,86,73,128,10635,30975,789,587,12,8,24,4,402,38.743,20456,0,6581,235,147,112,114,48,137,25
16,87,74,129,1792,17485,422,538,8,11,16,3,204,102.433,10092,0,2899,108,98,50,1,168,46,23
16,88,5,130,1147,14720,305,393,3,10,20,1,58,18.6478,7350,0,595,254,1,100,37,214,48,20
16,89,98,131,2418,25600,528,585,19,9,15,4,217,0,21149,515,935,108,121,235,29,114,127,25
16,90,68,132,2214,13620,348,358,3,13,17,1,107,26.7671,10043,0,0,65,48,100,118,108,0,19
17,63,62,0,1872,21260,456,504,9,13,17,1,111,2.20171,15696,2678,1258,185,96,1,180,168,81,24
17,62,25,1,3150,18275,411,470,10,11,16,7,187,124.583,14948,0,2151,48,100,1,61,43,108,23
17,91,71,2,2066,19815,399,420,13,13,14,2,106,153.77,17838,0,606,63,116,249,135,172,40,22
17,0,72,3,933,23025,462,461,13,12,18,4,269,19.0461,21210,0,2733,50,156,116,152,0,147,23
17,92,46,4,1872,33240,556,514,12,8,15,10,363,0.13375,19222,0,5361,116,1,135,220,139,154,25
17,0,68,128,1627,11905,241,279,2,9,14,3,52,2.94336,4859,0,34,29,187,254,0,0,108,18
17,93,63,129,2811,24700,523,511,16,13,17,1,253,0.501514,22208,0,5765,63,123,139,168,166,135,25
17,0,74,130,1361,19870,382,476,6,15,19,10,203,69.7029,11004,0,811,102,100,116,48,108,0,24
17,0,34,131,2914,21470,437,516,16,8,28,4,224,0,30328,0,78,41,204,1,220,30,121,25
17,94,109,132,366,26185,501,512,16,12,20,23,308,0,17971,19,2908,160,114,147,154,21,48,25
18,95,75,0,1353,15325,337,463,5,4,15,1,74,0,10708,0,1331,96,0,63,254,0,102,20
18,96,68,1,723,8775,230,243,3,7,4,2,77,3.74353,8058,0,60,37,214,46,108,0,0,14
18,97,46,2,345,20445,545,610,13,6,10,3,341,0.100283,18214,0,1633,41,1,135,168,141,63,23
18,98,107,3,2130,11180,289,340,6,4,15,4,91,110.199,12349,1449,33,180,36,1,108,0,92,17
18,99,72,4,1127,28045,609,637,11,6,10,30,482,9.9841,24415,0,3209,164,116,154,135,139,48,24
18,100,73,128,3593,40450,888,698,3,6,8,2,420,42.177,12919,0,3225,112,116,137,147,235,48,25
18,0,100,129,4436,9685,315,348,5,12,11,1,50,34.8042,5639,154,0,92,30,185,36,180,102,17
18,101,93,130,4017,24940,579,691,7,3,8,2,365,0.167178,11516,0,4213,160,135,63,117,154,152,25
18,102,9,131,1628,12655,330,354,4,9,10,4,83,49.2298,8887,0,607,63,46,212,36,154,116,17
18,103,61,132,808,24405,529,529,8,8,9,6,291,0,9770,0,749,229,1,50,21,112,154,21
19,104,36,0,1569,10415,339,293,4,9,13,0,54,2.7709200000000003,3201,3179,80,102,29,42,108,37,46,14
19,105,76,1,1812,16135,536,500,5,7,8,54,189,46.4033,8693,0,1545,36,119,37,63,98,152,18
19,106,7,2,935,10965,320,302,1,5,11,9,57,41.7219,3785,0,528,180,60,1,36,60,60,14
19,107,19,3,1691,29150,801,759,17,2,12,7,296,51.079,27276,0,12778,52,1,112,108,135,48,23
19,108,91,4,2368,9715,362,393,6,5,10,3,29,16.9054,7805,7840,804,36,100,254,41,92,48,16
19,109,51,128,209,6250,218,230,0,11,12,0,48,26.2115,7665,0,0,0,36,185,63,46,73,12
19,110,93,129,1199,26490,766,876,22,3,4,28,299,0,20585,0,29,110,154,143,160,116,63,25
19,111,34,130,24,8245,242,219,0,7,5,3,128,0,3136,0,18,1,48,31,178,6,77,11
19,0,73,131,2,21365,627,520,3,8,13,3,237,58.9848,12128,0,651,229,50,210,31,114,137,19
19,0,30,132,395,8070,246,255,3,6,8,0,17,41.2861,4508,2775,58,36,254,92,42,63,46,13
20,112,71,0,2961,15100,472,517,9,3,11,1,73,110.162,11219,1159,274,92,226,135,63,65,46,19
20,113,59,1,1360,18845,591,705,14,9,10,19,153,0,20928,0,5710,151,229,116,63,112,164,22
20,114,95,2,767,18275,512,514,4,5,6,8,229,7.3844,7174,0,3952,50,46,164,147,160,152,19
20,115,21,3,658,13225,366,360,6,4,11,6,51,42.1866,8205,0,1596,50,24,69,1,46,108,16
20,0,7,4,2,12090,322,233,3,9,17,1,39,49.9467,6216,0,96,48,46,218,37,1,102,12
20,116,69,128,698,17665,508,418,10,8,3,0,150,0.13375,6523,0,0,55,50,108,9,65,249,17
20,117,31,129,3262,7625,298,464,4,7,11,4,24,0.8009769999999999,9387,1086,27,214,37,102,46,92,0,18
20,118,39,130,1006,9065,385,443,7,13,10,7,137,0,9510,0,73,77,63,41,108,0,77,17
20,119,8,131,1559,14465,443,555,3,7,8,25,239,0,8011,0,728,7,145,154,7,71,50,20
20,120,55,132,2010,13935,428,458,6,3,10,2,199,12.0254,9194,1705,125,90,178,1,46,231,21,18
21,116,106,0,5474,13645,600,633,11,6,18,4,146,0,19217,0,1731,63,36,41,145,141,0,20
21,117,84,1,5176,7445,360,419,3,3,16,1,45,25.0869,7758,0,371,214,108,42,0,36,0,16
21,121,102,2,4222,11905,466,504,9,5,15,5,96,0,12710,4456,1671,114,57,81,0,0,50,17
21,122,50,3,2825,9560,384,383,3,8,14,2,43,5.50232,5756,7408,884,79,180,46,23,0,36,15
21,123,1,4,7554,15325,665,583,12,3,12,10,229,7.11902,14663,0,6825,147,63,0,145,143,46,19
21,124,21,128,243,8735,314,321,3,9,8,7,101,63.1202,12453,0,914,77,50,46,1,41,67,14
21,125,2,129,323,10485,383,489,7,9,5,0,136,0,9485,0,34,1,127,36,214,46,242,17
21,126,22,130,271,8265,306,350,4,10,13,2,78,5.21025,20435,0,0,180,46,100,1,0,0,14
21,0,14,131,345,4885,208,244,4,10,7,3,26,22.8659,8109,0,0,214,46,218,188,36,41,12
21,0,42,132,581,15115,481,541,4,4,4,3,191,32.1488,6469,728,0,50,116,65,145,143,0,18
22,0,9,0,5032,11745,372,470,3,5,26,0,95,70.7939,11975,0,1567,63,147,181,174,88,0,20
22,127,7,1,3384,14770,413,577,5,6,30,4,135,134.108,15073,0,1768,1,178,102,100,108,214,22
22,0,32,2,59,20855,462,607,21,8,15,8,55,0,18597,0,859,143,39,139,50,154,196,23
22,40,93,3,2380,21125,525,712,12,7,22,4,207,0,25226,0,2801,98,116,152,63,160,212,25
22,128,21,4,830,21405,499,580,13,7,17,4,193,74.0079,16764,0,3817,166,116,48,1,149,108,22
22,129,39,128,48,16795,422,538,12,10,8,0,119,0.033417999999999996,19159,0,269,41,46,58,63,108,135,21
22,0,69,129,490,11415,314,311,2,9,10,1,107,0.133628,6957,0,179,242,90,36,40,88,63,16
22,130,26,130,748,8380,248,310,4,11,10,0,11,61.5619,8763,0,184,214,73,1,42,0,60,16
22,131,78,131,368,14325,416,571,8,13,11,5,193,67.3118,21434,0,319,63,21,137,1,41,8,22
22,132,42,132,862,13080,362,405,6,12,7,1,181,44.827,8339,292,0,151,116,36,46,63,51,18
23,133,68,0,2359,17380,420,397,7,6,22,3,57,53.6836,11916,0,897,218,102,100,254,214,108,18
23,0,100,1,1519,20340,498,506,12,13,16,6,155,62.1693,20080,0,1821,63,116,249,112,46,185,21
23,134,47,2,4429,14885,426,444,6,10,14,7,130,0,14572,0,2085,212,114,41,63,46,154,19
23,135,1,3,9515,21925,678,712,9,5,6,8,385,16.4213,11341,369,6735,63,145,208,147,81,46,25
23,0,62,4,3772,14220,418,336,8,16,15,0,28,1.90222,9927,878,403,231,96,30,0,187,46,17
23,40,42,128,2111,19335,438,500,10,2,16,14,216,61.6239,14168,2467,763,151,116,1,127,48,143,20
23,136,3,129,358,13145,310,349,15,8,19,0,18,83.8035,15397,655,408,231,254,1,218,178,188,17
23,137,59,130,6,12730,337,395,8,13,11,6,115,0,15348,0,685,114,151,63,164,46,0,18
23,0,22,131,196,13200,329,401,5,12,32,1,123,1.9014700000000002,22321,0,0,180,108,69,102,0,46,18
23,138,21,132,698,11935,338,376,11,7,14,3,88,74.5566,12441,0,689,50,1,36,108,77,30,18
24,139,87,0,1571,12485,297,397,5,8,23,2,52,0,8100,1076,106,79,214,0,77,108,218,19
24,140,39,1,1203,15120,384,434,13,11,18,5,144,0,25765,0,575,116,108,41,63,129,0,20
24,141,85,2,1210,11325,286,356,4,12,27,5,86,0,9201,1077,172,90,242,127,180,0,0,18
24,142,74,3,5,14205,377,466,10,8,13,16,154,86.4473,15232,0,1529,50,100,98,36,46,108,21
24,143,62,4,1031,17845,417,421,8,11,7,6,139,1.8026900000000001,9998,0,416,116,50,212,145,46,160,20
24,0,109,128,7214,22070,629,604,13,9,22,5,349,0,17141,0,9209,48,141,162,0,116,147,24
24,144,7,129,2926,15590,374,482,7,4,25,1,54,118.965,16041,0,729,180,40,108,1,110,0,21
24,145,98,130,3819,15890,439,454,11,12,16,1,209,0,17796,395,787,63,121,127,36,46,114,20
24,146,75,131,2348,20320,487,612,14,6,15,4,141,0,23708,0,1358,112,0,96,0,0,249,24
24,147,26,132,3818,8655,288,312,5,13,19,2,45,65.5966,8568,0,356,102,42,46,0,214,36,17
25,0,21,0,1713,15255,478,498,15,8,4,9,114,51.1128,14107,0,1154,141,41,0,50,1,108,19
25,148,23,1,4553,11760,436,473,4,7,11,5,104,53.6912,11054,0,1018,41,249,46,0,50,185,19
25,149,109,2,4382,15800,528,521,2,3,12,13,260,0,11185,108,3333,137,185,147,48,182,88,20
25,0,43,3,3237,7295,283,246,1,11,15,6,36,0,5472,0,329,79,214,28,178,23,46,13
25,0,104,4,6199,18375,607,809,12,3,12,0,200,19.9909,17406,0,6729,1,208,164,112,63,0,25
25,150,87,128,156,7620,214,213,5,9,12,3,14,0,7289,0,22,218,102,0,46,92,180,12
25,0,72,129,158,18865,527,569,11,7,9,8,256,44.1858,19170,0,272,50,116,3,135,164,154,21
25,151,106,130,391,9080,298,401,6,8,9,5,133,0,10664,0,0,145,0,69,50,0,36,17
25,0,102,131,413,11085,314,587,8,3,13,1,59,0,9785,7512,0,79,36,127,21,214,0,21
25,0,1,132,979,12500,392,446,2,7,2,14,282,0.167432,3129,105,875,71,145,81,63,0,170,18
26,0,32,0,3117,8215,412,265,3,1,4,0,45,0,5228,0,1051,174,36,63,0,181,170,11
26,0,70,1,833,13110,520,508,5,0,4,0,76,0,4991,177,1345,81,50,1,117,30,135,15
26,0,36,2,285,11895,498,375,5,6,11,7,76,6.16498,5934,1194,1254,36,231,123,0,46,0,13
26,152,46,3,1958,15375,668,560,11,0,5,7,104,0,14731,0,3687,168,170,29,1,133,41,16
26,0,11,4,2847,13415,642,584,4,2,9,14,168,0,10067,0,4582,63,151,147,212,55,26,16
26,0,69,128,127,10470,398,402,4,5,4,2,75,4.59896,6405,96,62,108,0,50,81,0,0,13
26,153,74,129,520,7635,361,409,2,5,1,16,102,6.63171,5200,0,518,77,65,100,50,36,0,13
26,0,90,130,628,2885,158,140,1,9,1,0,22,9.630980000000001,3517,0,0,214,44,218,16,0,0,8
26,40,44,131,1326,7410,269,284,1,5,1,4,80,0,2622,0,138,0,1,0,0,0,0,11
26,154,98,132,819,3565,191,193,1,5,1,6,37,0,7234,0,0,36,180,182,178,46,0,9
27,40,102,0,969,8790,287,292,3,10,8,1,32,0,6467,1178,0,180,34,81,23,21,42,13
27,0,104,1,449,13960,471,606,12,12,7,2,90,0,18369,0,58,151,41,1,116,63,7,20
27,155,77,2,509,11385,386,451,3,9,6,3,147,0,5908,152,332,46,71,81,106,63,168,17
27,0,28,3,910,8890,374,428,6,12,8,1,68,92.1586,10934,0,0,36,1,63,11,168,71,16
27,0,53,4,279,12750,412,412,1,8,7,3,177,0,8024,0,1613,65,63,152,108,23,0,16
27,0,106,128,391,24255,735,918,18,5,15,3,262,0,27035,0,1940,0,36,141,220,145,41,25
27,156,93,129,1121,16275,550,487,7,7,15,6,170,0,15217,0,1712,249,63,48,212,181,154,18
27,0,62,130,188,17945,507,386,5,5,15,0,36,2.00122,8177,0,669,180,168,123,226,181,71,16
27,157,69,131,4320,17075,624,627,7,3,13,3,174,0.5673389999999999,16109,1425,5443,81,112,50,73,48,108,20
27,158,75,132,4749,10680,441,415,12,7,13,7,23,10.0342,13793,1235,1653,231,36,100,46,77,0,16
28,159,86,0,1826,10040,331,353,4,7,16,3,20,37.6628,6273,0,309,214,46,100,178,0,36,15
28,0,1,1,6158,22935,795,755,16,4,8,4,333,5.98593,16503,571,7617,135,145,63,81,147,143,23
28,0,102,2,2114,11000,332,365,4,2,16,1,18,0,5633,2638,204,229,79,102,214,0,188,15
28,160,46,3,2673,24535,631,703,13,6,10,2,186,0,21452,0,3141,141,1,116,63,168,65,22
28,161,71,4,2000,14035,447,483,9,5,16,4,79,142.332,16538,266,820,92,36,108,63,112,30,18
28,40,67,128,547,12690,433,460,7,8,9,18,180,0,12406,0,0,50,61,125,11,137,9,17
28,162,111,129,420,8980,294,316,4,9,6,6,55,2.50854,7842,2315,16,36,100,46,40,180,58,14
28,0,62,130,1669,8330,338,351,3,11,9,0,16,2.20366,8311,222,0,180,42,1,185,92,0,15
28,0,75,131,161,10465,338,410,5,8,10,4,99,0,15572,0,0,98,102,46,60,0,63,16
28,163,47,132,1099,4435,234,258,2,10,10,5,70,0,9046,1453,0,79,29,41,46,75,0,13
29,164,106,0,1259,24400,512,573,17,8,25,2,364,0,27625,0,1046,145,141,63,145,141,46,25
29,0,100,1,1015,17140,363,427,15,9,9,6,140,59.699,17194,0,933,249,149,168,0,88,48,21
29,0,9,2,455,18000,362,446,7,7,12,3,180,62.8577,10582,0,701,50,36,123,46,170,160,22
29,0,14,3,197,18735,378,484,21,8,11,3,96,57.8713,27474,560,321,53,127,1,214,108,102,22
29,0,62,4,153,19490,350,331,3,10,14,0,37,2.43079,6214,2229,156,231,242,46,90,100,0,18
29,165,35,128,2404,18205,377,347,11,18,18,4,109,0.200015,15450,0,1434,172,50,0,116,141,170,19
29,166,90,129,1165,15390,321,289,0,14,7,0,117,13.9574,4047,154,28,1,108,0,30,214,46,17
29,167,28,130,2534,16015,448,573,7,14,21,1,141,143.957,11343,0,343,242,0,1,168,210,214,25
29,168,69,131,4436,29895,596,578,16,7,10,2,235,0.267134,17155,906,2778,50,152,116,114,108,112,25
29,0,74,132,2299,23705,434,480,8,10,17,16,167,73.6093,19377,0,2918,48,116,100,129,108,40,22
30,169,53,0,3467,12490,452,437,1,12,19,5,158,0,4717,0,1019,63,46,98,36,65,152,18
30,0,5,1,61,12825,337,385,7,10,14,2,35,2.5008600000000003,12502,1511,184,108,46,214,92,152,8,17
30,170,46,2,8793,15520,626,667,20,6,13,2,174,0,24107,0,6245,1,41,30,50,168,141,22
30,0,4,3,3416,12485,407,433,7,8,15,0,77,0.100312,6861,0,2556,154,212,63,135,0,0,18
30,0,42,4,740,18380,468,601,8,2,17,0,97,56.8232,12345,3698,2142,151,112,63,108,0,8,21
30,0,32,128,129,11350,310,411,9,7,6,0,63,0,9137,0,151,174,154,36,63,12,16,17
30,0,6,129,154,10610,278,378,6,7,4,6,91,0,6361,0,598,63,249,10,164,0,212,17
30,171,22,130,57,11970,320,421,6,4,12,2,115,3.63647,22949,0,25,180,41,110,60,254,23,18
30,0,60,131,85,10735,322,384,12,11,13,2,95,8.88285,15437,0,27,41,151,50,21,143,60,17
30,172,28,132,587,6455,233,296,3,14,8,1,58,47.5708,4735,0,27,125,63,9,4,0,0,15
31,173,48,0,96,8535,273,251,3,10,6,7,67,16.3966,7648,0,149,0,0,0,0,0,0,11
31,174,50,1,3190,4655,305,313,4,11,11,1,16,0,6086,3434,142,86,180,94,181,0,0,12
31,46,46,2,3903,6215,405,476,9,7,4,7,65,0,12401,0,0,50,41,0,34,168,0,16
31,175,75,3,2862,5950,309,330,4,6,9,0,5,0,7295,0,0,63,0,77,46,0,102,13
31,176,2,4,484,5125,231,245,1,11,7,2,31,0,4913,0,0,182,16,56,214,16,1,11
31,177,22,128,2087,13245,528,513,17,4,12,0,75,2.5,23455,0,815,41,178,110,108,180,0,16
31,0,71,129,2830,11185,483,546,6,2,14,0,93,83.6086,9932,1119,1371,92,114,63,166,0,0,17
31,0,11,130,2635,10705,471,508,5,4,15,10,108,0,13632,0,2830,249,41,63,149,46,75,16
31,0,36,131,3831,6965,393,343,6,6,17,1,46,3.73229,4099,2306,1125,21,34,77,180,60,23,13
31,178,100,132,2962,10475,475,482,9,8,20,1,34,54.8721,15701,0,1564,37,178,152,50,185,36,16
32,179,60,0,1147,10140,390,360,5,4,8,4,40,2.36683,8566,173,2235,152,181,50,92,108,0,14
32,180,67,1,1913,20110,754,838,19,2,12,16,212,0,21988,258,2036,137,196,81,114,63,0,21
32,181,50,2,2155,5180,283,292,0,6,12,2,17,0,3275,4154,393,180,218,0,36,187,188,12
32,182,34,3,3428,15845,641,688,7,2,8,14,233,0,14735,413,137,1,41,108,178,121,48,19
32,183,99,4,2018,13715,494,481,11,6,14,10,73,0,18205,0,104,125,88,154,63,36,229,16
32,0,18,128,9,4350,222,203,1,7,5,1,48,28.4601,4183,0,20,34,63,172,182,46,11,10
32,0,100,129,1301,9355,393,394,7,7,9,0,22,47.2931,8981,0,0,214,254,37,185,0,0,14
32,0,73,130,5,12450,527,421,3,11,6,0,119,19.7116,11448,0,0,41,11,102,137,0,48,15
32,184,7,131,756,4995,243,169,0,11,13,1,17,68.3676,5174,0,0,12,46,0,34,1,180,9
32,0,13,132,435,2500,195,146,4,7,1,5,12,11.4631,7263,0,0,77,36,50,0,0,0,8
33,185,76,0,349,17400,380,505,15,13,3,7,187,109.945,15851,0,701,235,1,206,77,63,69,23
33,0,9,1,1406,9915,243,361,4,10,14,4,72,99.677,11271,0,317,180,123,16,178,30,0,19
33,186,83,2,4013,11935,345,407,6,12,8,9,204,0,12648,2183,107,182,0,29,108,235,0,21
33,0,101,3,317,11875,292,333,13,19,8,0,63,0,21098,1010,192,104,180,121,41,77,0,19
33,187,73,4,236,48010,885,568,4,5,20,14,624,40.9008,21599,0,2169,139,48,137,147,114,235,25
33,0,50,128,735,14045,287,317,1,11,10,3,48,3.51196,3315,4893,486,231,42,102,100,46,33,18
33,0,26,129,3252,10615,276,320,0,14,13,6,55,59.3475,4277,0,288,46,108,1,214,0,0,18
33,188,18,130,3409,32430,661,566,22,8,16,1,330,50.5468,29278,0,3661,63,116,114,141,112,156,25
33,189,21,131,648,24615,447,567,16,4,8,8,65,117.405,15279,0,4317,141,135,0,48,108,1,25
33,190,74,132,2810,30795,648,572,17,5,25,26,295,155.935,31351,0,5262,108,1,194,110,220,235,25
34,191,112,0,6719,5760,379,344,3,3,15,1,37,49.3502,5782,0,660,36,254,0,180,46,0,14
34,192,50,1,2912,8495,338,317,2,2,7,4,37,0,2099,8667,843,180,46,254,229,92,16,13
34,193,109,2,2879,10150,391,382,3,4,10,1,77,0,7223,0,3874,46,60,63,185,24,24,15
34,194,74,3,8264,14990,714,716,23,2,9,8,153,53.7528,30439,0,5633,50,98,0,168,46,123,21
34,195,8,4,2677,19065,670,628,12,4,7,21,225,0,16025,0,3708,50,30,1,147,154,145,19
34,196,85,128,76,6465,235,206,2,10,6,0,49,0,6079,673,79,125,180,0,43,40,0,11
34,0,11,129,148,11310,412,430,3,7,1,16,200,0,10268,274,651,116,79,46,152,29,41,16
34,197,75,130,52,6780,204,204,3,6,2,2,27,0,6990,212,190,254,40,92,42,63,0,11
34,0,69,131,863,11450,460,364,1,10,1,15,180,0.0333154,4458,0,44,145,63,46,152,65,0,14
34,0,5,132,109,7925,264,307,5,10,5,1,14,2.56708,13945,0,0,1,254,46,214,36,0,13
35,0,98,0,737,6435,240,323,1,10,9,0,50,0,7980,0,76,182,180,46,59,69,178,14
35,198,74,1,258,13650,390,345,7,10,2,11,76,24.0929,9507,0,505,50,100,0,108,65,0,14
35,199,58,2,587,10950,396,450,4,10,4,10,103,0,8238,497,152,98,22,63,152,18,77,17
35,200,28,3,1206,3855,169,189,0,9,3,3,14,27.6729,1527,0,15,182,63,34,16,43,21,11
35,201,75,4,73,3860,146,145,1,12,4,2,4,0,6463,0,95,23,0,63,0,0,36,9
35,202,26,128,1277,10770,349,411,3,3,14,10,12,33.478,6845,0,670,108,1,34,0,180,218,16
35,203,93,129,3036,20065,686,637,9,4,7,6,199,2.8097700000000003,11879,0,3705,65,63,160,98,143,152,20
35,204,32,130,1744,18350,587,548,17,3,8,3,99,2.07402,15483,0,1670,174,143,160,0,63,154,18
35,0,11,131,511,21505,625,562,16,2,14,14,146,0,19519,0,4185,112,249,116,164,149,63,19
35,0,14,132,2776,10165,361,301,6,4,6,3,30,15.9349,8199,3555,1210,63,92,127,131,56,46,13
36,202,84,0,3055,6080,322,243,2,4,6,5,24,14.963,2185,0,510,180,1,34,218,46,0,11
36,203,42,1,1193,18175,640,523,3,2,7,9,185,26.4269,6725,834,1485,65,63,112,168,151,1,17
36,205,11,2,4485,15675,680,606,11,1,5,20,160,0,14879,0,6607,249,36,41,63,212,133,18
36,206,20,3,1395,7310,315,242,1,8,7,1,35,20.9446,3289,0,761,40,229,212,188,180,0,11
36,0,99,4,3803,12840,568,548,10,4,9,5,82,0,15075,0,2092,125,127,36,0,214,235,17
36,207,30,128,695,4515,186,187,2,6,6,10,13,41.0233,5387,1209,6,21,180,36,0,0,0,10
36,208,35,129,1224,9985,395,349,3,3,6,16,142,0.0999463,7204,0,108,50,158,212,46,215,0,13
36,209,9,130,0,3560,155,163,0,5,7,4,15,45.7747,3436,0,10,63,218,0,13,36,46,9
36,210,46,131,0,8680,344,445,11,6,4,4,51,0,15228,0,25,36,1,41,50,215,170,15
36,211,54,132,0,7210,278,282,2,7,2,3,90,0,3138,703,0,151,65,50,38,0,0,12
37,212,7,0,2719,18755,421,586,10,7,22,1,130,119.917,17660,0,1772,102,180,1,110,46,108,24
37,0,89,1,1761,32010,639,539,1,5,15,5,607,1.53662,8046,0,3478,147,137,114,48,133,235,23
37,0,86,2,2151,20355,431,615,14,7,23,2,66,77.8224,17818,0,403,48,0,108,1,96,0,25
37,213,39,3,1640,27755,548,612,18,5,18,11,246,0,25717,0,3986,133,63,98,112,116,108,25
37,214,81,4,1785,17145,407,502,15,11,18,4,92,78.087,19738,0,380,0,185,164,154,63,114,22
37,215,97,128,453,10535,263,311,5,16,7,2,101,86.1505,5146,0,31,1,34,41,185,69,63,17
37,0,98,129,160,23765,513,615,9,11,9,4,325,0,17409,592,165,121,119,108,235,29,46,25
37,216,11,130,1145,20640,466,558,8,13,6,26,346,0,13139,0,1696,141,0,63,156,154,46,23
37,217,16,131,2001,11570,298,452,3,10,14,1,95,80.8604,8467,0,61,46,108,0,1,190,180,21
37,40,93,132,514,20295,452,607,10,12,9,13,261,0,17655,0,86,116,63,152,212,160,0,24
38,218,21,0,512,15265,346,483,7,7,12,3,147,75.5031,16337,0,875,50,1,166,46,51,108,21
38,219,86,1,401,8880,243,312,5,11,12,6,45,38.4203,5605,326,209,1,36,180,21,60,73,16
38,220,72,2,2388,17885,439,517,7,10,9,12,251,23.2927,12832,0,321,50,152,123,164,51,7,21
38,221,74,3,114,17945,458,578,17,10,10,14,163,74.9244,23738,0,660,48,77,1,65,108,235,23
38,222,52,4,747,12590,340,447,6,11,13,4,151,49.6807,12892,803,272,121,123,46,29,0,0,20
38,223,100,128,4527,15300,467,632,17,12,12,4,89,68.1132,24174,0,2817,50,185,152,226,40,168,24
38,202,45,129,5154,9230,315,369,1,7,6,4,91,0,5397,236,1010,0,108,34,0,42,180,18
38,203,12,130,851,28010,626,679,10,7,14,8,342,0.0334375,16851,0,6038,143,48,160,137,196,135,25
38,224,14,131,7030,10725,408,488,14,11,5,3,38,50.397,15238,0,118,1,214,41,108,0,30,21
38,0,30,132,3932,13795,396,515,7,10,15,1,80,50.1548,10513,7303,690,116,180,254,36,108,0,21
39,225,7,0,1205,12405,338,325,8,13,21,1,129,127.835,13743,0,358,1,180,36,108,37,42,18
39,226,110,1,3202,16225,437,533,11,15,23,3,125,48.6489,20098,1224,152,108,36,65,0,235,214,23
39,40,93,2,2393,23290,533,596,14,13,26,3,192,0.635312,29064,0,6183,63,135,152,160,0,52,25
39,227,21,3,107,20110,453,595,12,8,23,3,165,82.7371,18601,0,5750,50,1,51,108,149,135,25
39,0,69,4,1395,22515,537,591,15,13,27,0,170,0.6012649999999999,16156,0,957,1,110,50,65,114,108,25
39,228,57,128,2002,14405,359,554,4,10,15,4,99,0,6678,8791,758,108,231,178,58,46,181,24
39,229,44,129,7077,18165,553,591,18,15,13,9,247,15.5543,24125,0,3755,51,145,50,116,164,143,25
39,0,51,130,1974,14680,366,399,4,11,32,4,126,86.0707,21281,0,324,108,127,36,50,119,0,20
39,0,71,131,1934,12115,350,441,12,18,22,1,52,210.62,17772,243,292,108,4,185,55,40,63,21
39,0,46,132,4283,24410,596,593,21,7,17,6,333,0,25532,0,5057,1,141,116,168,63,139,25
40,230,70,0,692,11340,298,422,1,14,7,3,133,0,4246,0,76,50,116,1,164,46,181,19
40,0,72,1,260,17110,446,536,14,13,9,5,191,11.0831,15747,0,889,147,152,50,141,164,0,22
40,0,71,2,312,17740,495,682,14,10,15,0,208,159.86,18574,0,488,172,127,116,63,112,51,25
40,231,11,3,289,24585,567,662,12,7,13,7,412,0,20895,0,674,48,152,139,160,116,0,25
40,232,25,4,255,9625,230,294,1,11,4,4,79,16.5779,3280,0,130,23,180,100,42,0,0,16
40,233,35,128,2206,14535,427,433,6,12,11,15,264,0.167065,10098,0,368,50,172,51,46,154,166,20
40,234,110,129,4029,10860,325,442,6,9,20,3,19,0,6450,2116,589,119,40,43,79,0,214,20
40,235,61,130,4332,18110,455,603,10,9,9,2,193,0,15471,284,2496,11,81,178,116,98,48,23
40,0,87,131,1902,19045,429,651,12,8,21,9,59,0,13006,0,2123,1,48,108,102,194,0,24
40,236,67,132,5962,29495,710,668,19,4,20,3,377,0,34663,0,4637,147,48,52,137,196,114,25
41,237,42,0,1326,16180,489,551,6,7,12,5,197,38.6744,13643,1637,1212,151,0,48,1,127,158,20
41,0,104,1,6704,29375,801,809,23,1,8,0,317,6.48955,25838,0,6744,1,127,0,208,158,48,25
41,0,11,2,122,27140,590,632,4,4,19,18,301,12.6335,13297,0,3082,154,63,1,116,52,100,22
41,238,4,3,6330,10880,470,483,13,12,14,20,85,0,16965,1588,942,92,127,116,63,0,46,19
41,239,30,4,1111,11580,329,352,5,9,14,2,33,45.4454,7278,2674,336,108,36,254,42,48,0,16
41,0,100,128,565,10250,340,420,10,12,6,1,91,55.0537,14747,0,473,0,41,50,0,249,185,18
41,0,57,129,1155,5605,227,309,2,12,6,4,51,0,5338,3108,17,0,36,178,180,0,46,15
41,0,93,130,309,9700,319,413,8,16,10,3,76,0,17672,0,0,63,46,249,36,181,88,17
41,240,39,131,1075,14240,408,601,10,4,8,7,141,0,21754,0,338,108,123,46,36,41,63,21
41,0,53,132,701,20725,567,464,3,9,8,0,378,0,12361,0,921,8,65,108,63,194,96,19
42,0,62,0,3232,25130,600,596,17,4,16,2,38,2.83671,18992,269,1467,81,98,204,247,168,48,23
42,0,51,1,1923,14825,394,415,10,11,20,1,87,44.4904,18124,0,347,50,102,41,9,108,127,19
42,241,18,2,3224,21120,560,542,13,2,14,20,260,24.0429,13601,0,3183,116,1,135,141,172,63,22
42,202,84,3,2567,9345,279,311,2,9,18,9,15,31.9026,4356,0,355,43,1,34,46,180,0,16
42,203,25,4,4061,24370,613,705,22,4,18,5,183,105.734,26805,0,3004,235,48,108,119,1,100,25
42,0,44,128,1029,9440,297,359,3,12,11,3,133,0,6287,0,0,88,145,0,50,21,8,17
42,0,99,129,745,16785,423,466,12,8,13,6,147,0,19692,0,24,55,242,127,116,63,9,20
42,242,32,130,1619,10075,302,410,5,12,8,0,34,0,5939,0,5,63,174,36,154,0,0,19
42,243,14,131,929,11725,306,338,9,12,8,0,40,34.8221,11962,0,0,102,50,108,73,31,46,17
42,0,75,132,410,7240,192,217,1,20,7,2,49,0,6816,0,18,36,42,63,40,23,0,13
43,244,21,0,227,11935,291,320,2,6,3,2,114,20.5088,5458,0,283,65,65,0,0,0,0,13
43,0,59,1,154,8770,295,331,5,4,1,3,80,0,8737,0,360,21,151,164,46,63,8,14
43,0,99,2,905,7035,248,253,0,3,0,2,65,0,1669,0,122,125,63,46,88,127,0,11
43,0,44,3,237,8285,290,308,3,7,1,5,107,0,5178,0,45,34,164,143,50,212,71,13
43,0,30,4,692,3480,129,113,0,4,2,7,13,48.7614,2108,182,70,36,180,46,218,0,0,8
43,63,41,128,683,16790,544,511,2,4,4,4,214,4.43675,3697,0,3611,135,149,63,172,166,55,17
43,62,68,129,2185,7345,293,226,1,4,11,6,23,9.27722,5769,111,671,231,0,0,0,0,0,11
43,0,75,130,1708,10735,371,322,6,2,7,4,48,2.53271,7597,0,1620,100,46,63,34,102,69,13
43,0,26,131,7156,5200,363,396,4,0,8,14,32,30.7453,6331,1052,677,92,0,1,214,16,16,15
43,0,73,132,3527,28495,976,754,10,1,4,2,256,40.5705,11920,0,4013,166,48,151,41,1,137,21
44,245,40,0,63,19770,350,286,6,18,20,5,243,0,22029,0,752,63,242,127,108,193,46,19
44,246,56,1,446,20225,396,447,4,17,12,14,302,0.702187,14624,0,4207,154,212,98,48,0,135,25
44,247,1,2,5537,36700,597,447,7,7,10,2,670,3.16433,12643,236,5960,147,145,208,48,135,114,25
44,0,69,3,5110,26005,543,447,16,10,15,0,328,15.753,21070,0,817,1,249,108,48,235,0,25
44,248,22,4,1410,24280,413,447,16,11,22,2,167,3.23218,35878,0,43,180,1,235,110,108,37,25
44,249,30,128,4049,12715,253,301,4,9,13,1,31,45.0325,5838,1521,66,254,48,36,108,40,30,20
44,250,8,129,2924,35255,599,450,17,10,17,19,489,29.9387,26190,0,1955,48,135,208,156,166,147,25
44,251,26,130,1675,14880,259,388,4,17,20,11,40,82.0704,5612,0,61,214,1,102,21,60,0,23
44,252,63,131,3216,35475,621,447,26,7,13,6,470,0.9696779999999999,35347,0,3942,141,48,123,114,247,135,25
44,253,21,132,1545,21465,411,452,9,9,14,5,339,73.8315,15146,0,1221,1,123,118,108,48,166,25
45,0,110,0,4743,17875,488,633,13,6,21,3,136,23.6063,21240,969,1093,90,137,0,114,48,0,25
45,0,48,1,1886,12020,342,401,7,14,17,1,91,14.7281,11792,0,120,116,170,164,63,0,0,19
45,0,30,2,1404,16100,378,396,11,10,10,2,78,52.4772,12040,956,476,108,180,116,46,123,0,19
45,0,27,3,2704,16795,385,554,4,6,17,1,115,60.1261,9476,0,2726,152,110,180,108,94,42,23
45,0,102,4,4856,15760,412,627,6,7,24,0,133,0,13964,1749,2101,81,50,154,46,114,149,25
45,0,8,128,1157,27660,630,635,19,6,7,1,388,0,26314,0,3160,50,172,145,154,108,141,25
45,254,19,129,861,14230,361,452,7,9,8,4,195,41.5333,13581,0,31,1,104,108,0,8,63,21
45,255,26,130,1433,11825,300,417,5,8,8,3,103,51.3077,8612,0,104,1,214,188,0,108,46,20
45,256,21,131,1,13230,339,458,5,8,10,10,158,52.709,9172,0,1226,149,41,50,108,46,168,21
45,257,41,132,205,12920,341,419,7,12,5,4,189,18.6941,8930,0,507,172,141,7,71,63,7,20
46,258,28,0,5829,6835,318,403,6,8,14,3,57,81.8263,8091,0,82,16,214,1,102,182,0,18
46,259,86,1,1262,7380,217,298,2,7,11,8,28,46.3046,4747,244,51,102,92,29,36,21,0,15
46,260,67,2,410,16195,442,506,5,8,10,17,237,0,12747,0,562,65,50,46,147,212,137,20
46,261,16,3,296,10680,269,286,2,6,9,2,118,40.1142,6429,0,0,1,180,100,102,0,40,15
46,0,23,4,1489,15925,449,536,15,6,7,7,214,55.9617,17807,0,0,1,145,116,41,149,50,21
46,0,106,128,552,15605,450,502,10,10,14,44,160,0,17062,0,22,50,185,212,145,46,141,20
46,0,89,129,4053,31700,802,679,9,1,8,5,519,4.60986,19363,0,10073,196,139,220,147,137,235,23
46,262,9,130,1837,11015,278,234,0,6,11,3,29,28.8992,2580,1504,695,231,162,212,46,0,0,13
46,263,51,131,2649,15365,436,483,12,5,14,1,84,31.5482,16023,0,87,1,127,102,46,108,63,20
46,264,31,132,1226,11345,305,317,3,8,11,1,52,0.500732,6552,0,578,0,116,46,108,0,29,16
47,265,109,0,3878,13715,638,527,10,1,8,8,112,0,13012,0,7178,185,24,181,63,24,154,16
47,0,1,1,684,16550,565,510,5,2,12,4,108,0.833008,8862,0,824,63,145,139,46,125,0,15
47,266,70,2,2988,15690,705,694,15,1,6,0,112,9.76399,19264,721,3299,1,50,116,143,81,22,18
47,267,85,3,824,11430,458,423,3,2,22,0,40,0,7089,517,1047,60,242,180,43,88,46,14
47,0,25,4,2859,7890,422,284,4,5,5,4,56,38.4238,7256,0,1167,180,100,40,60,0,0,11
47,0,12,128,245,4045,202,159,0,6,3,2,36,0,3516,0,0,63,212,19,36,0,0,8
47,0,61,129,4862,4990,381,436,6,5,2,0,63,0,6659,0,1694,178,88,0,36,63,26,14
47,268,73,130,1066,9025,428,330,0,7,2,1,106,39.6236,5720,0,27,182,41,48,16,16,137,12
47,0,59,131,244,5025,261,225,5,14,3,0,31,0,11452,0,0,92,36,50,2,25,71,10
47,0,36,132,111,5110,217,169,0,5,4,1,39,6.23162,5901,1058,73,79,36,0,88,29,17,9
48,0,76,0,5981,27130,683,676,19,5,5,19,294,188.495,19961,0,2820,119,102,63,110,108,235,25
48,262,83,1,609,9125,233,278,0,10,12,0,19,0,2654,1979,318,231,0,182,46,0,0,15
48,0,74,2,3227,12965,363,462,6,8,18,13,114,47.6751,12365,0,2086,102,98,108,50,46,0,20
48,0,44,3,2342,22500,550,687,9,8,13,3,250,10.1646,12381,0,3055,116,145,164,63,52,208,25
48,269,16,4,2438,13510,346,437,5,10,13,0,63,61.205,8757,0,548,48,102,1,190,0,30,20
48,0,39,128,1089,17450,373,524,7,8,13,5,167,0,18702,0,222,48,41,98,24,108,56,21
48,270,55,129,483,16030,349,390,15,10,17,0,113,14.1445,17393,0,58,119,180,218,0,131,108,18
48,271,14,130,491,13935,313,439,7,10,18,0,75,35.4906,16156,0,0,1,127,102,131,218,214,20
48,272,70,131,115,15610,346,536,6,6,6,0,196,0.167187,9362,0,538,26,135,50,46,116,152,22
48,273,41,132,216,15610,351,466,6,8,5,8,200,12.8501,5215,0,781,135,172,141,63,0,46,20
49,274,69,0,4340,16435,526,478,6,3,11,0,161,0.06663089999999999,6507,1486,2301,81,1,116,96,214,46,19
49,0,30,1,1630,10690,326,330,3,8,13,2,31,34.1313,9486,2831,839,108,46,0,254,180,36,15
49,0,39,2,1523,13720,493,506,11,10,13,11,152,0,22937,0,1789,63,98,41,123,21,0,19
49,40,42,3,4567,19835,565,550,12,2,12,13,205,45.5454,18982,2260,5672,151,116,1,127,63,137,20
49,275,29,4,1456,16975,443,556,7,3,17,1,102,71.4685,14248,0,1232,1,254,110,46,180,119,20
49,0,36,128,4,3135,231,224,2,8,12,6,30,6.1093,7813,603,56,0,0,0,0,0,0,13
49,0,1,129,2749,19450,572,616,5,7,9,13,320,2.80815,9236,297,782,48,81,0,145,143,147,21
49,0,57,130,465,8395,261,240,1,12,2,1,35,0,2348,4244,49,34,79,0,180,60,23,13
49,276,13,131,1816,17720,490,613,7,6,11,7,166,41.0825,18938,0,23,100,1,48,24,46,108,21
49,277,48,132,1311,14670,461,505,9,7,11,7,164,18.7211,19836,0,566,212,63,164,116,139,46,19
50,0,32,0,913,15875,446,610,17,3,1,0,92,8.45747,15763,0,0,196,154,63,143,21,8,20
50,0,52,1,650,6425,241,297,1,14,8,0,56,20.5951,8543,0,9,178,41,61,29,73,60,14
50,0,29,2,1694,1835,161,168,0,15,7,1,37,41.5965,5522,0,8,34,0,29,73,0,0,11
50,0,20,3,543,7495,224,287,4,8,9,5,25,30.8718,7422,0,0,36,102,187,0,29,46,14
50,278,73,4,549,23150,608,539,2,4,10,2,216,23.1493,7886,0,76,158,145,29,55,4,114,19
50,279,35,128,1690,12085,389,320,6,5,17,13,127,0.233452,9254,0,938,168,212,154,172,46,63,15
50,280,98,129,3016,10155,388,433,7,8,10,4,83,0,13366,177,447,127,180,40,182,0,121,17
50,0,65,130,2581,12640,402,490,3,4,14,4,119,19.4637,7017,0,279,102,119,1,41,214,0,18
50,281,109,131,946,26335,702,652,20,2,8,30,219,0,22392,0,8256,185,156,147,160,63,116,21
50,0,31,132,825,10075,315,326,6,6,18,1,24,0.30000000000000004,10549,642,379,214,108,40,79,42,0,15
51,282,25,0,1382,24835,511,563,22,11,15,12,280,85.3842,23156,0,155,108,116,235,48,152,100,25
51,283,71,1,1021,10890,268,393,1,17,26,1,77,133.678,10844,0,204,116,127,36,46,63,162,20
51,284,53,2,1333,31390,630,563,15,9,15,1,527,0.133721,15984,0,7821,168,112,135,249,158,141,25
51,0,26,3,179,14040,322,564,10,15,17,4,71,61.3538,9753,0,124,214,23,46,1,108,57,25
51,40,42,4,702,18020,383,577,7,13,16,6,197,66.6807,15809,2242,230,151,127,63,36,51,108,25
51,285,44,128,1541,22315,486,566,11,7,18,21,287,33.6429,19302,0,2148,208,116,63,48,164,154,25
51,286,75,129,692,16435,342,490,10,15,22,2,33,0,15104,0,604,102,110,63,36,108,46,23
51,287,21,130,1977,20560,507,565,16,12,33,11,188,130.062,29157,0,5957,1,40,220,168,149,108,25
51,288,59,131,2311,22040,509,563,20,15,14,2,178,0,34368,272,4388,210,48,116,229,151,164,25
51,289,33,132,1988,20070,441,564,6,7,30,0,294,34.1528,18263,0,278,1,110,46,116,48,43,25
52,0,44,0,67,15265,309,356,7,14,11,1,140,20.3655,11518,0,183,0,116,164,63,143,154,19
52,290,53,1,4611,21965,479,566,9,5,14,4,299,0,18747,0,4186,152,98,194,166,168,63,24
52,291,26,2,49,12940,268,408,4,12,15,1,27,93.8191,8860,68,55,108,1,79,46,214,0,20
52,292,46,3,3322,24005,503,604,17,7,14,2,255,0,25855,0,270,116,141,1,48,170,168,25
52,293,93,4,1094,17785,389,461,13,17,16,1,169,0,16611,0,287,98,160,152,212,63,0,22
52,0,31,128,3094,14630,345,490,4,8,12,0,115,1.1022,7704,1031,326,1,92,79,100,108,214,22
52,294,20,129,1423,20680,436,490,12,15,17,0,163,24.9227,13909,0,1250,41,114,212,158,63,168,22
52,0,42,130,3946,20570,472,583,14,12,18,3,175,83.8487,20918,3228,3469,116,0,143,1,151,48,25
52,0,70,131,1861,18830,401,534,8,8,11,0,144,14.4172,12548,948,2067,1,50,81,208,135,0,23
52,0,45,132,3357,20735,463,588,15,7,19,10,185,0,22183,343,1699,50,178,218,204,152,108,25
53,295,97,0,1267,5725,283,345,1,6,5,0,57,36.5052,8227,0,0,1,41,46,180,36,182,13
53,296,19,1,977,5835,285,291,2,10,3,2,32,24.0275,5466,0,0,63,1,41,46,73,0,12
53,297,64,2,94,9880,368,325,6,11,0,0,74,15.7119,8666,0,310,92,29,0,100,254,65,13
53,298,94,3,477,5325,275,345,1,9,5,11,63,18.1956,4080,0,0,36,63,164,212,46,0,13
53,0,33,4,1449,5175,245,211,0,4,5,0,110,22.7356,3684,0,377,1,88,29,21,0,38,11
53,0,99,128,1130,17675,586,695,10,1,16,16,122,0,13740,0,1641,125,154,114,36,48,88,19
53,0,68,129,809,9400,349,238,9,2,13,1,18,16.296,8215,4479,627,36,100,63,92,60,0,11
53,40,42,130,362,15510,524,433,9,2,15,22,148,39.1071,11651,1571,3281,151,166,127,63,0,137,15
53,299,39,131,2688,14520,600,648,9,2,15,29,157,0,14100,0,3620,164,46,63,98,36,147,18
53,300,86,132,2149,8205,344,285,3,3,16,1,32,30.0593,4425,0,567,180,102,1,36,218,46,12
54,0,102,0,5368,19840,565,698,8,5,21,10,230,0.13374,15397,3500,4729,46,135,160,214,154,81,24
54,40,93,1,2850,29100,649,741,19,4,11,6,227,0,21610,0,5933,116,160,63,154,117,139,25
54,301,39,2,4502,16425,453,500,5,3,20,7,154,0,16248,0,920,116,96,46,108,63,0,20
54,302,7,3,2031,11905,341,383,4,9,19,0,42,88.3336,7486,0,564,178,214,1,46,235,36,18
54,303,23,4,2656,13725,373,376,2,6,17,2,86,36.5945,6394,699,1187,185,50,118,46,58,231,18
54,0,21,128,1282,12035,344,398,8,11,4,9,133,69.1881,11941,0,328,41,48,1,21,166,0,18
54,304,18,129,1421,16655,438,552,3,8,3,4,271,31.3787,10169,0,2630,1,172,63,178,116,141,21
54,305,57,130,1028,9885,265,298,2,5,6,5,106,0,5215,6952,491,231,81,36,31,46,73,16
54,306,99,131,927,11540,316,350,8,7,13,1,115,0,19882,0,655,36,154,63,88,125,131,17
54,307,36,132,940,12345,335,392,6,9,12,3,148,8.47871,10733,2884,337,46,0,231,0,0,108,18
55,308,21,0,1276,13810,423,447,4,8,16,4,102,33.7871,6825,0,606,46,1,166,50,0,108,17
55,40,93,1,2148,19880,588,629,8,2,18,13,197,2.8097700000000003,14064,0,4991,116,63,152,143,160,212,20
55,309,37,2,1377,12425,360,347,4,6,10,8,39,13.1219,5326,1384,888,0,46,180,69,108,69,15
55,310,69,3,1923,23050,694,625,6,3,8,1,248,0.23394,5356,0,1531,1,110,108,65,48,0,20
55,311,47,4,4733,15090,551,651,13,3,13,8,146,0,15491,0,4330,147,30,7,108,63,7,21
55,312,28,128,180,8165,295,346,4,11,7,7,117,32.4658,6146,0,97,182,1,151,26,0,63,15
55,0,14,129,478,6665,235,238,4,11,8,7,54,7.27913,5382,321,0,254,214,36,92,0,38,12
55,313,71,130,4381,10160,375,481,5,5,6,3,62,66.4043,7332,0,0,187,152,65,46,181,63,18
55,0,11,131,1974,12325,460,513,7,7,8,8,184,0,10359,0,558,36,152,41,116,63,170,18
55,0,16,132,1415,9400,298,358,2,5,7,2,83,24.9958,4864,0,0,108,180,1,21,46,0,15
56,314,112,0,3483,13745,357,556,6,14,24,7,71,137.578,9406,256,91,102,1,48,254,92,214,25
56,0,35,1,3689,15325,395,514,8,12,27,5,196,0.534756,19221,0,653,166,170,63,172,133,0,24
56,315,106,2,3984,33760,580,563,22,13,26,2,274,0,28406,0,3392,133,141,48,133,145,123,25
56,316,1,3,2892,24105,550,553,16,10,15,10,293,32.8461,19126,834,2939,208,147,145,48,81,30,25
56,317,87,4,3230,13785,331,414,4,17,32,2,48,0,12806,0,81,254,63,46,37,0,108,21
56,318,11,128,801,30480,618,553,32,10,9,23,282,0,46102,0,6906,156,141,46,63,249,55,25
56,319,31,129,708,21465,403,559,9,10,12,9,145,1.5022,19779,229,735,63,194,102,0,108,0,25
56,320,16,130,850,11520,351,414,4,15,16,0,134,74.7925,12707,0,201,180,108,190,0,0,1,21
56,321,83,131,3042,16630,415,353,1,12,7,1,322,0,4789,411,521,1,110,46,108,180,0,19
56,0,93,132,1559,19275,467,542,17,10,15,13,185,22.3111,31176,0,2116,0,143,154,1,160,0,24
57,322,74,0,116,5485,256,307,1,11,1,12,77,31.7302,5659,0,31,92,65,46,50,0,77,13
57,323,69,1,359,9525,338,303,0,5,2,5,141,0,2771,0,0,152,182,11,12,29,137,13
57,0,56,2,322,8145,312,358,5,8,2,6,77,0,11729,0,173,212,63,98,21,0,0,14
57,324,23,3,391,5615,257,241,3,13,3,0,63,36.2238,8664,0,0,36,11,152,50,0,0,11
57,0,27,4,225,3450,151,109,1,13,5,1,13,35.1581,3903,0,14,180,73,0,0,0,0,8
57,0,21,128,7198,13560,640,637,14,2,18,2,115,69.7095,19776,0,4985,50,168,117,108,0,100,19
57,0,50,129,3083,11750,484,442,6,6,16,5,74,11.9727,9347,5052,1229,36,231,0,121,0,0,16
57,0,71,130,4003,12430,518,537,12,2,25,1,71,151.94,15661,1422,1720,36,63,210,92,30,116,17
57,325,40,131,7214,7885,474,450,10,2,15,5,44,0,10762,0,2049,88,214,0,36,0,108,16
57,326,94,132,5335,18065,727,724,6,0,10,6,257,15.0513,7832,0,3373,160,123,46,50,170,65,20
58,327,62,0,1689,11270,313,301,3,15,12,0,24,2.00269,7258,2576,54,181,90,0,231,0,0,16
58,328,112,1,1455,11565,315,349,4,13,13,4,52,78.2314,9446,0,7,1,36,58,254,214,218,18
58,329,28,2,604,12005,362,465,5,13,13,19,151,86.7014,8332,0,40,1,4,116,36,0,63,21
58,330,21,3,811,24905,507,596,19,9,5,11,195,91.645,23178,0,1956,50,23,1,116,108,141,23
58,193,109,4,272,10875,336,368,4,13,13,3,201,0,12535,0,788,71,116,63,185,162,0,18
58,331,87,128,1505,11840,295,317,4,11,23,0,42,0,6468,1123,855,36,180,92,69,108,46,17
58,332,3,129,295,16745,328,403,4,6,27,3,26,127.313,9119,0,768,180,102,9,100,30,46,19
58,0,7,130,824,22560,456,550,8,9,26,1,138,128.945,16320,0,2152,1,96,100,102,180,108,22
58,0,70,131,3875,26815,642,656,26,3,19,7,202,16.7247,26278,0,5811,96,1,48,116,208,50,25
58,0,39,132,1045,28995,611,651,19,7,28,9,271,0,30148,0,1602,119,176,123,116,98,48,25
59,0,72,0,2881,19235,483,575,14,9,16,13,334,4.61587,20177,0,860,164,50,116,154,212,139,24
59,333,51,1,2338,13415,362,449,12,10,20,7,168,72.4168,23407,0,998,36,194,127,46,108,29,21
59,334,91,2,1047,10510,258,340,1,14,20,4,46,0,4783,2304,159,41,79,37,46,214,30,18
59,335,99,3,2022,15925,442,614,9,13,20,1,173,0,14170,0,960,114,46,63,0,242,90,25
59,336,92,4,2402,15580,367,385,15,13,26,6,50,23.3197,23292,0,662,206,229,46,9,108,214,20
59,0,21,128,478,32620,663,589,25,7,12,13,276,83.8739,30727,0,9699,48,249,168,141,116,108,25
59,337,7,129,1207,16665,358,394,6,12,23,1,100,135.219,10905,0,617,102,100,1,180,108,58,20
59,338,67,130,3716,20640,495,590,8,8,30,5,267,0,16315,0,805,114,174,127,125,50,137,25
59,339,62,131,4445,17925,428,361,8,14,12,0,9,1.9078600000000001,6888,3551,205,231,92,46,98,116,0,19
59,0,19,132,1403,21765,456,551,9,12,22,7,183,43.9432,14262,0,1440,1,63,247,164,108,112,24
60,340,39,0,378,20425,458,567,13,7,6,4,245,0,19486,0,1127,37,98,116,9,63,108,22
60,0,12,1,3675,16850,426,493,9,5,9,3,256,0,13382,44,290,48,147,174,81,185,41,21
60,341,25,2,1309,13605,327,365,9,11,15,2,128,81.2028,16075,0,167,100,1,63,181,36,108,18
60,342,86,3,390,6725,200,215,2,16,12,5,56,48.1122,8307,286,160,180,36,23,0,46,60,14
60,343,51,4,2085,8310,223,266,3,9,15,0,58,30.356,12621,0,27,50,127,41,102,182,0,15
60,344,50,128,657,10535,246,232,0,9,5,2,34,0,3521,5407,23,254,231,0,36,188,46,14
60,0,28,129,2514,21650,455,490,8,3,16,2,157,106.061,11898,0,125,119,1,116,0,63,114,21
60,345,80,130,2734,27800,648,669,16,6,8,5,347,0,23237,251,12082,81,48,108,0,0,0,25
60,346,101,131,3451,17545,462,525,20,10,12,4,74,0,26306,0,275,152,41,96,206,21,48,22
60,347,64,132,1507,15060,344,368,4,9,17,4,65,110.756,10104,0,1309,30,48,0,254,102,100,18
61,348,68,0,366,14250,398,343,7,12,15,1,42,8.94287,10905,0,534,36,63,65,108,46,42,15
61,349,98,1,1328,14610,453,490,10,9,10,3,97,0,12572,272,664,127,121,235,29,0,46,18
61,350,28,2,1475,14240,427,565,8,4,15,1,70,61.4292,10638,0,1513,127,1,242,247,63,0,19
61,0,36,3,826,16305,491,484,8,8,13,10,183,12.9741,8300,786,970,63,104,36,137,108,103,18
61,0,35,4,3567,16360,570,694,13,7,9,3,180,0.0334375,18184,0,3937,152,147,63,212,166,51,22
61,0,93,128,271,8050,238,308,1,10,1,2,122,0,1509,0,0,0,0,0,0,0,214,14
61,0,32,129,2501,8385,333,397,6,12,12,1,51,0,13126,0,21,174,63,40,71,170,181,16
61,0,26,130,90,7935,255,320,5,10,5,2,20,46.6197,5905,268,84,36,79,60,214,23,0,14
61,0,21,131,1003,14510,467,538,16,7,5,3,128,60.9719,19577,0,1226,164,50,152,166,149,0,19
61,0,74,132,106,12935,390,400,10,8,8,2,110,25.9568,13425,0,297,98,102,0,40,50,108,16
62,351,74,0,3386,14035,473,564,8,7,18,6,94,37.7469,12060,0,2889,50,102,1,46,185,194,20
62,352,39,1,2624,21310,622,698,10,5,6,6,192,0,11322,0,2196,48,149,168,65,116,108,22
62,0,5,2,1106,10100,295,258,2,3,11,6,34,1.73427,4875,0,154,46,108,0,180,1,0,13
62,353,70,3,6101,15340,550,681,11,4,14,3,142,0,17126,253,3087,81,50,1,154,116,0,22
62,354,88,4,1079,18135,501,522,16,7,11,10,110,65.8203,17187,0,188,180,92,204,1,41,168,19
62,237,75,128,2511,8365,312,333,7,9,3,5,32,0,9200,0,0,206,102,43,36,29,0,15
62,0,8,129,233,12665,365,454,6,9,6,3,115,0,10902,0,0,185,50,116,0,108,0,18
62,355,84,130,1491,7075,282,364,1,11,7,1,29,40.4448,5074,0,64,21,36,37,46,40,180,16
62,356,29,131,994,8350,299,411,4,7,10,6,70,29.4606,7799,0,0,0,1,46,69,180,69,17
62,0,14,132,501,7935,263,299,7,11,6,6,25,37.902,11048,0,0,36,40,254,131,41,214,14
63,0,55,0,173,10040,313,320,1,9,8,0,180,10.4751,11425,588,0,36,180,79,90,178,46,16
63,0,50,1,769,7085,205,228,3,10,8,0,11,5.01709,6154,5219,0,100,180,188,42,36,46,13
63,357,11,2,1798,14050,409,416,7,8,5,6,237,0,16355,0,376,1,63,116,154,41,36,18
63,358,1,3,177,18260,449,496,8,9,3,5,272,0.501196,7242,0,764,145,147,114,0,63,0,20
63,359,112,4,975,6985,201,243,1,11,6,4,35,103.748,8773,0,0,88,36,254,214,0,94,14
63,360,28,128,5192,15050,460,525,10,3,19,7,110,103.915,16554,0,1869,1,116,36,63,0,112,21
63,361,64,129,6920,12695,459,471,8,5,19,1,149,61.6473,15322,0,3526,180,0,100,235,36,0,19
63,362,46,130,5160,18670,573,681,14,4,10,20,237,0.33435499999999996,17613,0,5041,48,1,116,135,164,0,24
63,0,25,131,8673,10220,466,476,8,6,14,0,140,59.6058,12374,0,2660,108,180,100,73,46,0,20
63,363,65,132,6031,14215,436,529,6,2,20,2,116,52.8888,14324,0,1103,24,46,1,108,63,102,21
64,0,57,0,1837,7795,275,293,2,9,9,0,38,0,3588,3342,258,178,180,108,0,0,0,14
64,364,93,1,3636,15015,497,752,16,7,13,3,75,6.85737,21072,0,880,152,160,63,143,0,71,23
64,0,11,2,2199,18775,581,581,13,9,15,20,201,0,23355,0,3574,116,154,220,0,41,164,20
64,0,102,3,2281,10895,329,471,3,4,15,0,29,0,6221,6827,498,231,90,34,0,0,0,18
64,0,72,4,831,17495,505,531,11,9,16,5,148,25.7616,16515,0,2656,116,50,164,0,149,0,19
64,365,100,128,882,9725,321,418,10,8,10,7,61,68.4194,15662,0,263,46,181,145,50,41,73,17
64,0,39,129,378,5305,247,343,2,9,20,7,58,0,12995,0,76,41,77,23,63,21,46,15
64,366,48,130,4566,11545,455,677,6,5,16,18,195,14.0835,18640,0,35,116,170,164,146,212,63,22
64,62,68,131,230,7730,226,238,4,10,14,9,42,10.5564,10515,0,15,108,46,180,0,0,0,13
64,63,2,132,1373,10510,390,454,14,13,11,0,110,0,17108,0,91,242,127,1,214,46,0,18
65,367,83,0,1649,8325,267,286,1,1,1,1,39,0,1577,213,96,81,30,182,180,44,46,13
65,368,51,1,425,12955,421,438,5,8,23,2,92,51.6878,17682,0,834,36,214,102,108,127,37,16
65,369,9,2,814,15495,445,480,8,4,19,0,66,48.3449,10566,0,2939,34,50,229,158,24,212,17
65,370,67,3,4946,20115,723,825,14,3,13,15,284,0,18350,0,4305,63,147,114,37,137,46,23
65,371,74,4,3365,17230,577,679,20,2,12,9,117,41.8386,21318,0,2161,98,50,100,129,108,0,21
65,0,11,128,269,12460,426,391,8,9,3,12,187,0,11883,0,1770,46,154,152,26,63,212,15
65,372,110,129,1739,5765,271,294,7,10,4,3,40,19.7324,10999,675,93,36,0,214,0,92,100,13
65,373,8,130,71,9100,316,345,2,8,5,12,152,0,4826,0,328,145,46,43,170,71,29,14
65,374,53,131,2210,9360,389,390,1,10,3,0,197,0,5451,0,539,98,77,65,63,46,241,15
65,375,112,132,905,5265,204,214,0,11,10,0,18,95.7389,5952,0,109,36,180,31,218,0,0,11
66,376,93,0,2781,28015,572,618,15,8,20,5,222,0.969668,23596,0,4628,154,135,116,152,160,63,25
66,0,87,1,671,11135,250,247,2,11,18,1,16,0,4731,1706,121,180,43,79,46,0,0,15
66,0,21,2,2026,24765,536,622,17,6,10,11,206,55.9763,17773,0,7577,1,48,108,135,141,50,25
66,377,74,3,2447,20670,480,517,10,10,17,5,238,78.8448,16786,0,3108,187,50,98,235,108,46,22
66,0,71,4,4494,12965,361,473,6,8,17,2,96,110.976,6947,1250,114,112,181,30,92,116,63,21
66,62,40,128,1571,13735,371,390,10,12,17,9,126,0,23582,0,405,60,152,127,108,46,63,19
66,63,72,129,413,21220,493,555,15,13,18,1,315,28.7126,26766,0,1038,212,50,147,249,135,185,23
66,365,14,130,970,11770,257,326,8,8,12,3,47,32.2377,13039,0,31,46,0,108,1,69,214,18
66,0,16,131,2574,8945,299,442,6,10,11,1,73,39.8986,8119,0,101,1,180,127,46,46,73,21
66,366,44,132,154,16285,376,542,3,7,15,2,242,13.6475,9968,0,383,116,156,143,46,63,88,23
67,378,12,0,711,20810,585,599,11,5,13,15,164,0,17315,0,4688,147,196,156,46,63,185,20
67,0,5,1,898,9110,293,233,1,10,15,4,27,1.73427,6533,0,413,73,73,254,214,73,1,12
67,379,93,2,1798,25120,736,865,28,7,16,9,188,6.72349,34244,0,2599,1,249,63,143,160,247,24
67,380,21,3,889,14595,425,448,6,7,18,4,71,48.0792,12227,0,1761,229,108,168,36,77,50,17
67,381,10,4,2516,15525,441,503,10,6,19,2,44,122.104,7738,0,371,100,1,154,46,214,40,18
67,382,91,128,422,14350,448,461,9,8,12,5,91,0,10783,4480,126,79,63,112,65,185,36,17
67,383,72,129,1135,16475,530,646,6,9,9,13,198,16.0853,10763,0,957,135,164,170,116,46,50,21
67,384,100,130,409,10640,352,385,6,13,15,1,34,50.9119,12022,0,170,229,11,162,36,0,180,16
67,385,11,131,2120,8785,378,493,6,11,8,7,130,0,12606,0,207,41,63,0,0,75,249,18
67,386,28,132,411,9970,322,377,4,16,7,7,79,63.3958,5907,0,0,36,63,1,116,46,182,16
68,387,74,0,793,10175,392,311,3,6,9,1,63,3.63245,5781,0,893,50,102,36,21,108,0,12
68,0,95,1,2305,12120,527,406,5,4,9,19,131,2.00684,8249,0,3425,168,147,164,0,0,50,14
68,388,82,2,4210,15110,679,920,14,1,3,2,170,0,13871,0,4460,108,96,41,1,63,117,22
68,0,29,3,2558,7700,373,297,5,2,11,4,35,21.1744,7759,0,7,127,1,36,0,180,0,11
68,0,36,4,3582,7040,373,332,5,2,17,3,19,6.43152,8426,6209,504,231,0,0,0,0,0,13
68,237,75,128,679,3855,155,184,0,4,1,9,30,0,4297,0,174,27,11,29,36,23,46,9
68,389,9,129,531,5475,252,268,2,5,2,11,63,62.8846,7282,0,25,50,185,0,41,212,46,11
68,0,25,130,65,10065,407,410,9,7,1,2,110,76.748,13540,0,145,63,36,41,100,108,46,14
68,390,8,131,830,7705,325,422,2,6,6,2,106,0,6409,0,0,50,172,0,36,166,0,14
68,391,62,132,447,4375,205,165,2,10,6,0,11,1.4,5810,0,0,50,187,36,0,181,0,9
69,392,21,0,7383,22900,629,630,15,4,12,17,265,61.3589,18122,0,9888,1,141,108,166,50,116,24
69,393,32,1,1030,20820,455,517,23,8,13,0,50,0,25506,0,0,154,116,0,196,63,172,21
69,394,28,2,3344,17800,434,543,6,6,30,4,120,102.391,14354,0,916,1,102,116,46,112,63,22
69,395,17,3,919,28100,574,632,6,7,9,11,352,11.8904,9307,0,1879,98,63,96,123,116,143,24
69,396,30,4,3295,13340,357,450,10,6,21,1,24,46.0547,9358,3591,725,36,116,0,180,0,108,20
69,0,104,128,1843,11950,339,399,4,14,6,12,174,0,9140,0,760,1,116,36,127,63,46,19
69,0,34,129,1275,25070,585,601,10,9,8,5,375,0,20310,42,11,1,96,203,102,121,48,23
69,397,71,130,426,10285,251,315,4,9,11,4,40,110.364,9286,0,0,162,92,43,36,63,127,16
69,398,101,131,997,8815,243,267,7,17,10,2,22,0,11608,0,0,206,77,180,36,77,77,15
69,399,31,132,977,8355,228,285,4,11,9,0,12,0.6007319999999999,7625,0,0,214,102,21,254,0,0,16
70,0,18,0,1501,31450,773,870,16,4,7,17,325,33.0391,20397,0,7750,116,249,112,63,154,156,25
70,400,75,1,2043,10510,366,295,2,11,4,3,82,0,2887,0,596,63,206,65,9,118,46,14
70,401,30,2,1112,12740,373,426,5,4,17,4,34,47.6797,6749,1602,1688,180,1,73,254,108,46,17
70,402,36,3,1343,14915,443,439,9,8,21,0,85,10.1363,14331,4266,703,36,127,41,231,117,108,17
70,403,69,4,1809,14075,464,467,8,6,21,5,77,2.26653,11523,0,2586,249,46,185,214,108,36,18
70,0,71,128,233,8730,268,315,6,8,8,1,26,79.6444,7265,445,79,36,116,63,0,0,92,14
70,404,67,129,939,18300,514,560,8,6,10,10,222,0,16032,0,165,127,154,172,63,185,137,19
70,379,11,130,1419,18880,622,750,13,7,16,15,279,0,19601,0,802,164,1,63,149,154,116,23
70,380,25,131,296,11435,349,388,5,8,15,4,103,62.9884,12503,0,0,100,0,108,36,63,0,16
70,381,87,132,35,9860,238,250,1,11,12,3,38,0,7521,134,4,81,79,214,0,0,0,13
71,0,104,0,943,7240,318,347,2,7,3,0,138,0,6474,0,41,36,63,46,127,1,0,13
71,237,12,1,381,8170,306,345,0,3,3,6,123,0,2509,0,906,212,41,48,174,11,0,13
71,405,100,2,147,8450,323,374,6,7,3,0,74,29.3817,11198,0,10,50,249,36,181,0,0,14
71,406,20,3,707,10615,313,375,1,4,12,1,45,22.1345,5346,0,20,50,201,187,36,0,46,14
71,0,37,4,729,7535,317,261,8,9,2,1,78,7.83132,10731,0,455,108,0,0,180,41,0,11
71,407,47,128,3566,11800,509,487,6,3,10,3,94,0,10142,538,3070,36,79,108,63,212,185,16
71,408,42,129,2344,15810,601,543,13,2,8,7,118,37.5908,12502,1914,2781,63,151,36,55,1,145,17
71,409,30,130,3297,9905,444,415,3,5,17,8,32,21.3428,7274,1986,810,108,254,36,180,0,0,15
71,410,85,131,2848,9625,418,352,5,3,11,6,55,0,3883,1332,902,92,180,46,127,0,108,14
71,411,11,132,297,14555,503,457,2,5,8,11,142,0,5922,0,3574,152,41,116,16,63,162,16
72,237,41,0,5650,23120,574,634,12,3,9,4,272,23.488,13568,0,4041,172,116,141,48,0,158,25
72,0,101,1,4334,10075,295,310,8,9,8,1,47,0,9550,0,80,214,108,206,77,36,0,17
72,412,73,2,7754,36585,868,628,10,6,17,3,423,57.2762,21771,0,4775,112,235,137,48,158,116,25
72,413,50,3,3496,9225,252,342,0,10,9,2,52,2.00684,2248,3630,402,0,46,63,229,92,36,18
72,0,100,4,1085,21490,452,507,12,10,11,2,152,37.6073,16346,0,1624,51,63,249,168,135,149,22
72,0,74,128,2709,19980,475,602,8,7,13,3,240,45.7737,20559,0,689,96,98,141,50,46,51,24
72,414,99,129,443,18070,394,490,8,5,14,13,217,5.61953,19016,0,831,63,116,112,125,143,46,22
72,415,5,130,385,11570,268,321,5,13,16,7,56,3.5020800000000003,11122,0,238,1,36,218,214,185,102,17
72,416,65,131,898,14890,366,442,13,11,10,1,162,53.1017,19925,0,146,1,166,102,0,108,214,20
72,417,80,132,1007,15775,356,338,3,7,8,0,224,1.40488,10886,0,1451,214,0,46,108,0,40,18
73,0,26,0,86,11030,272,338,3,10,14,8,72,64.9893,6808,683,0,36,214,79,185,60,218,17
73,418,54,1,3474,20315,574,667,19,7,9,5,215,25.6721,25653,1798,2090,168,143,50,65,154,114,25
73,419,11,2,889,15155,444,527,7,14,17,9,217,0,26058,0,767,41,249,149,116,46,63,22
73,0,57,3,740,13925,317,462,1,8,8,4,119,0,4819,3125,96,180,108,58,110,0,0,20
73,420,69,4,515,21615,548,554,8,8,12,1,269,0.2675,9083,1370,692,1,112,50,81,114,65,22
73,0,86,128,2050,11820,344,411,3,12,26,0,56,59.9622,10494,35,411,254,102,37,46,180,60,19
73,421,27,129,1522,16915,417,418,8,9,15,11,132,56.8783,12100,1121,4988,36,231,58,194,60,59,19
73,237,42,130,2783,19255,493,626,11,5,17,23,152,77.4622,22201,1421,1602,208,151,55,1,127,48,24
73,0,15,131,1280,15670,429,446,10,5,12,11,153,0,18517,837,1802,79,116,46,63,154,60,20
73,422,73,132,4912,28030,772,660,14,10,13,2,307,46.5101,23144,0,3035,143,137,48,235,147,112,25
74,423,99,0,1974,20690,493,654,15,11,27,7,129,0,24601,0,1277,210,235,48,125,90,0,24
74,424,39,1,1621,23885,520,625,13,5,17,10,211,0,20642,0,3954,96,98,63,158,108,0,24
74,425,64,2,2705,12695,336,343,5,9,21,4,62,71.5972,8989,1739,1663,79,180,0,100,206,0,17
74,426,73,3,2930,31575,723,656,9,6,30,2,331,53.2636,19289,0,4716,147,112,235,137,117,48,25
74,427,50,4,3344,9270,272,231,4,11,16,0,28,0,5406,5165,304,46,254,37,218,180,40,14
74,0,72,128,504,13630,364,418,6,9,23,2,188,38.189,23940,0,244,147,116,50,46,164,36,19
74,428,11,129,1110,23145,571,652,14,9,13,11,375,0,28765,0,3535,63,160,249,141,46,164,24
74,0,91,130,610,7955,207,240,0,11,18,1,22,0,6376,5932,30,180,79,0,41,254,92,14
74,0,84,131,67,15010,324,398,10,11,14,1,49,57.6006,16908,0,50,1,210,127,185,46,63,19
74,0,2,132,499,13065,292,364,10,9,9,0,102,0,12060,0,0,1,46,90,127,50,36,18
75,429,91,0,885,8310,224,267,4,13,10,0,28,0,4650,5006,243,43,46,0,231,0,92,15
75,430,74,1,3005,10835,348,388,5,7,9,12,178,62.6141,7373,0,1508,98,0,50,77,185,0,18
75,431,32,2,480,17635,442,566,19,9,6,7,166,18.6878,21595,0,1006,63,71,196,154,143,46,22
75,237,42,3,420,14120,359,415,3,5,11,14,215,60.514,9818,2736,978,36,151,63,127,0,112,19
75,432,30,4,17,9120,243,292,4,12,13,7,60,91.8688,8198,2302,508,216,180,36,46,42,108,16
75,433,27,128,2389,16615,421,421,6,7,12,0,75,30.1615,12176,0,5312,36,194,48,180,108,0,19
75,434,21,129,4459,15670,460,443,12,7,14,3,128,68.0861,20471,0,2585,149,166,50,108,117,1,19
75,0,81,130,2522,17510,451,500,7,9,19,5,115,30.3305,16578,0,3717,147,151,36,30,63,114,21
75,0,96,131,4256,15535,426,522,12,5,18,1,105,55.4854,14279,0,1008,108,0,48,102,131,1,21
75,0,28,132,939,18730,425,465,7,8,17,5,113,77.8895,10988,0,911,1,55,116,125,63,46,20
76,435,31,0,3014,11945,390,442,10,4,13,1,44,0.600244,10416,2130,842,231,0,108,40,46,0,17
76,436,21,1,933,19370,510,587,10,4,13,6,126,42.3539,15313,0,5954,46,116,166,149,108,50,20
76,0,18,2,4810,17280,552,524,6,4,19,4,193,47.5504,14489,0,2433,36,116,46,63,141,53,19
76,437,101,3,1630,11765,362,378,8,5,17,1,11,0,11839,2863,872,96,92,36,102,46,214,16
76,438,96,4,1064,14775,426,440,6,4,21,7,94,47.1747,11642,0,1349,214,127,1,114,0,131,17
76,439,36,128,474,7700,275,287,2,12,11,8,97,1.53291,4421,3620,352,63,23,36,79,60,46,14
76,440,47,129,274,14115,393,385,9,6,5,11,115,0,13911,0,196,50,26,154,116,75,170,16
76,429,82,130,946,8135,312,434,3,10,3,3,146,0,6950,262,576,81,46,63,90,0,0,17
76,237,39,131,1265,11755,363,403,7,4,5,13,156,0,11126,0,286,41,116,29,98,9,77,16
76,441,20,132,225,5080,163,132,0,10,9,14,19,28.4253,5620,0,100,187,36,46,0,0,63,9
77,0,93,0,2305,17610,520,646,15,3,10,6,110,1.4049800000000001,18563,0,2269,41,249,143,160,0,63,21
77,0,111,1,2402,11585,370,439,10,4,6,5,35,0,8283,3766,1129,176,231,216,0,88,0,17
77,0,67,2,3169,18110,560,621,7,1,18,4,247,0,16095,0,1602,46,114,63,137,0,147,20
77,442,96,3,431,17190,456,503,8,3,9,11,121,33.061,10671,0,1780,1,127,96,0,108,214,18
77,0,45,4,2002,8615,310,345,1,7,13,10,44,0,6013,1585,2185,185,36,254,218,0,180,15
77,443,1,128,157,12215,331,357,3,6,1,3,183,0.50127,2593,54,501,81,63,71,145,42,170,15
77,0,39,129,1358,10970,410,415,9,14,4,10,124,0,19351,0,240,63,202,41,46,181,65,17
77,444,8,130,86,11240,343,384,3,6,2,10,143,1.8063500000000001,6790,0,30,50,172,11,143,0,168,16
77,0,9,131,33,6670,196,233,3,10,1,8,44,25.1571,5209,0,86,46,13,212,174,63,0,12
77,237,46,132,820,10305,322,365,0,6,4,26,130,0,5254,0,581,50,41,168,1,36,21,16
78,445,14,0,450,11300,310,404,14,18,20,5,67,63.2916,21992,817,275,127,0,102,92,214,60,22
78,0,33,1,503,17975,314,385,2,10,28,2,198,64.2185,13783,0,814,116,1,110,63,43,0,21
78,0,31,2,1923,20810,386,510,15,12,25,9,170,1.73516,26469,3328,273,79,98,190,108,214,24,25
78,446,81,3,733,20775,424,504,16,12,18,1,288,69.1658,22481,0,1413,63,147,156,71,145,53,24
78,447,6,4,1592,20415,383,510,8,12,12,4,261,0,15090,0,1618,116,139,46,63,141,55,25
78,448,25,128,3216,19015,422,515,10,15,20,4,231,109.366,17886,0,1832,50,100,116,0,108,168,25
78,449,106,129,8196,34180,704,510,34,8,18,13,448,0.167422,43463,0,4407,147,48,145,135,141,123,25
78,450,7,130,3785,14405,339,454,4,13,32,0,91,180.047,15290,0,475,180,46,0,1,190,108,23
78,451,102,131,3377,21300,424,510,9,10,20,1,237,14.0616,13671,533,2117,172,116,143,50,112,108,25
78,452,50,132,1728,14630,276,335,2,12,19,5,74,3.6792,4503,8720,633,231,254,102,36,37,0,20
79,453,33,0,1204,17525,425,505,5,3,19,6,132,29.8131,9218,0,1016,180,116,1,69,69,0,18
79,454,74,1,4178,16485,555,627,6,3,8,11,180,3.83704,9515,0,2437,96,77,102,108,65,50,21
79,455,1,2,1987,14200,484,533,4,8,8,33,207,1.16628,7548,185,1388,46,0,81,63,147,145,19
79,456,86,3,950,14420,390,462,8,1,19,5,30,57.8781,8600,0,563,46,108,1,100,30,180,18
79,0,95,4,4425,17275,613,707,18,5,16,2,165,10.9373,20336,0,6221,50,116,156,212,154,0,22
79,0,72,128,456,8800,280,348,0,10,5,3,144,45.7065,6491,0,218,108,50,26,46,0,212,15
79,457,4,129,1161,14850,441,650,9,7,4,4,156,0,9542,0,27,63,46,249,24,170,24,21
79,237,39,130,1665,11645,375,488,4,7,7,10,126,0,8992,0,481,41,98,77,63,46,108,18
79,458,73,131,85,18225,528,437,2,9,6,8,205,39.7858,5241,0,280,65,152,112,116,63,0,17
79,0,101,132,522,7130,234,195,4,10,4,1,31,0,8038,0,16,36,29,46,129,0,77,11
80,0,67,0,2776,29575,541,466,15,9,32,19,381,0,26034,0,5367,141,147,196,139,63,114,25
80,267,40,1,3422,18210,378,466,8,14,29,1,160,0,21408,0,1022,50,174,1,48,0,108,25
80,0,100,2,2605,18680,357,428,10,16,23,1,160,53.6521,16568,0,1809,249,168,50,112,0,46,24
80,459,74,3,6937,26910,561,462,21,9,27,12,368,207.902,36954,0,2979,235,110,0,98,108,48,25
80,0,14,4,6331,14070,341,422,8,14,19,4,110,49.086,10830,939,417,102,254,79,108,214,0,23
80,0,63,128,1923,23635,441,465,6,9,14,2,414,0.267725,12930,0,1390,0,135,123,139,29,137,25
80,0,11,129,1811,26180,503,461,17,20,15,15,437,0.601865,23720,0,1144,48,147,116,135,1,149,25
80,0,50,130,323,14565,231,339,1,14,19,10,86,5.04297,4453,6553,351,180,79,90,0,60,21,21
80,0,2,131,468,19400,343,462,8,12,22,1,260,0,13559,0,255,1,119,125,127,90,48,25
80,0,54,132,952,31020,542,468,24,9,10,4,394,32.4653,27908,1005,2105,151,208,48,112,135,154,25
81,460,67,0,3477,21900,539,638,13,8,32,8,227,0,22846,0,2760,50,147,114,0,137,73,23
81,461,31,1,1299,13945,392,484,16,5,15,5,37,0.901465,16311,2449,849,108,254,46,214,48,79,20
81,0,75,2,1305,20835,539,596,14,4,8,8,242,0.100273,16819,0,5146,152,108,102,48,46,135,22
81,237,13,3,1908,14760,433,595,10,7,19,4,128,27.3168,17370,0,1044,36,204,48,1,0,41,22
81,462,7,4,595,20360,440,567,8,4,27,5,84,109.338,15604,0,1726,180,1,119,46,102,110,21
81,463,27,128,265,7405,273,295,4,20,6,5,108,28.1649,7467,0,1435,46,180,108,0,0,0,15
81,0,71,129,3724,10460,391,566,8,16,12,6,76,128.269,13064,517,64,116,36,92,127,63,0,21
81,0,15,130,2272,12050,352,511,4,8,13,22,159,0,11955,1426,208,212,63,79,162,116,0,20
81,464,100,131,1728,9600,278,295,5,15,10,1,47,28.6401,11065,0,106,43,0,152,50,185,46,15
81,0,73,132,1075,17635,505,602,6,7,3,1,202,24.9145,7528,0,111,0,182,137,48,147,116,22
82,465,21,0,906,11925,409,402,6,6,8,9,174,41.1921,10486,0,720,8,1,108,41,46,50,16
82,0,112,1,111,4600,162,161,0,10,6,1,24,64.7324,1952,0,131,36,42,29,46,23,0,10
82,0,75,2,475,7380,264,286,2,12,12,4,49,0,7545,0,307,254,36,65,214,0,0,14
82,466,43,3,744,11700,391,466,10,7,3,7,159,20.165,14745,0,811,50,235,36,100,0,0,18
82,0,44,4,2134,12615,408,429,8,4,4,7,194,5.61953,9508,0,666,164,143,212,116,50,46,17
82,467,85,128,601,11350,355,309,3,9,13,4,55,0,4466,2375,661,231,90,0,182,88,36,14
82,468,67,129,185,22525,607,555,15,1,18,2,208,0,20531,0,1799,174,48,147,137,114,0,19
82,469,28,130,86,13830,375,407,8,9,12,0,40,49.5686,9106,0,642,214,102,242,152,46,36,16
82,470,11,131,4516,21550,703,745,9,2,16,7,289,0.0668652,16681,0,9480,212,135,63,164,154,139,22
82,0,5,132,2788,10870,369,418,4,5,15,2,29,1.33427,6904,0,628,1,36,188,254,102,214,17
83,0,30,0,743,8740,288,254,3,9,9,0,65,71.0219,8462,4205,548,180,108,73,0,0,0,13
83,471,11,1,618,21930,604,602,13,4,7,7,241,0,18784,0,2472,152,116,48,141,0,154,21
83,472,50,2,593,6565,233,244,0,8,8,3,23,0,3094,1977,406,180,36,0,38,0,229,13
83,473,32,3,2313,11410,407,432,11,7,12,4,65,0,16107,0,939,196,116,71,0,0,63,17
83,474,23,4,683,12605,399,441,3,9,11,1,124,73.9886,10551,287,629,145,81,185,63,36,46,17
83,0,9,128,3330,7520,300,226,2,6,5,1,40,44.7486,3703,516,113,180,79,100,0,0,0,12
83,475,73,129,7755,30900,1070,866,22,5,9,7,314,57.6564,40477,0,8189,147,235,137,112,48,139,25
83,0,54,130,2477,10195,360,280,3,9,4,0,141,0,3148,37,345,166,151,1,46,63,0,14
83,476,29,131,2931,9110,325,336,3,9,10,3,44,28.8604,8141,0,274,73,1,43,131,0,180,15
83,0,63,132,1193,15370,413,449,6,3,10,9,98,0,12699,0,1537,212,63,30,36,123,116,18
84,477,42,0,3256,16785,588,610,9,1,14,6,124,53.1984,10829,2317,4718,63,1,0,46,112,168,19
84,470,74,1,5412,13550,572,572,10,2,17,20,135,39.2862,16748,0,3358,0,98,50,185,119,46,18
84,0,62,2,3963,13675,524,410,3,8,9,2,34,0.900488,4936,955,851,123,46,63,181,81,0,15
84,478,85,3,3212,11440,463,510,6,6,19,1,76,0,6348,2242,890,108,88,231,0,182,36,17
84,479,104,4,4944,14525,582,557,8,2,11,1,188,0,11947,0,2770,48,1,127,164,112,0,18
84,480,70,128,362,6495,304,310,6,11,2,0,86,0,8687,0,360,1,0,36,50,40,26,13
84,481,7,129,136,6260,204,242,2,4,7,1,26,72.8102,6833,0,0,1,178,46,36,214,0,11
84,0,72,130,142,12480,404,412,2,6,6,3,208,15.0155,11849,0,907,0,154,164,50,21,8,15
84,482,11,131,596,9900,363,448,5,8,6,9,143,0,12775,0,61,152,36,8,212,21,63,16
84,483,73,132,2014,17710,639,505,3,7,3,5,206,9.74449,10446,0,215,129,137,147,48,0,0,17
85,484,67,0,7048,16795,470,578,12,7,22,5,203,0,14373,0,2360,50,196,147,114,0,0,24
85,485,85,1,3170,17945,398,593,10,7,32,0,79,0,14037,3400,724,90,30,0,231,36,108,24
85,486,74,2,6346,24505,596,609,14,5,20,4,291,87.1577,19363,0,2254,108,48,1,116,102,96,25
85,0,68,3,2506,10335,303,387,5,13,19,8,69,15.8335,7259,0,558,102,180,36,218,188,108,19
85,0,16,4,3323,13835,374,471,3,11,25,6,144,72.6984,9565,0,374,48,36,1,100,42,8,21
85,487,57,128,644,12030,269,323,4,11,7,0,95,0,6406,2112,126,214,178,185,108,69,181,18
85,0,100,129,213,11030,297,347,7,15,19,0,79,69.0337,13601,38,23,1,185,41,180,46,81,18
85,488,11,130,1275,23690,558,609,14,8,13,27,348,0,24845,0,1784,249,116,147,0,63,160,25
85,0,72,131,2042,22330,531,574,8,6,8,6,414,2.79932,17184,0,3759,154,116,141,156,63,0,24
85,0,98,132,956,15595,325,426,9,6,11,16,117,0,16638,215,156,108,29,58,36,121,40,20
86,0,104,0,1389,10275,451,307,2,2,3,0,70,0,2428,0,1843,63,46,127,1,168,0,11
86,489,72,1,2708,12840,612,566,5,3,10,4,123,7.03165,9281,0,2182,50,36,147,48,181,185,16
86,0,21,2,1829,18455,799,741,18,0,3,24,116,29.4261,19515,0,1666,50,1,41,141,108,46,18
86,0,6,3,3713,14760,682,615,7,3,2,2,144,0,10264,0,5750,152,147,172,63,46,212,16
86,0,62,4,3345,12865,644,425,6,1,10,0,26,0.9,6569,2450,315,0,231,92,1,11,48,13
86,0,98,128,77,3040,180,185,0,14,2,0,46,0,5226,0,0,77,77,16,0,0,0,9
86,0,54,129,73,7090,302,384,2,6,2,0,82,0,4323,932,52,181,182,151,25,8,63,13
86,0,1,130,524,7480,355,363,2,7,1,16,89,0.166577,1913,0,8,145,18,40,63,0,0,12
86,253,25,131,706,4555,243,267,1,6,4,0,25,4.89882,4393,0,58,46,36,218,29,0,185,11
86,0,97,132,181,7615,326,397,4,5,1,2,40,19.1953,3911,0,0,102,1,36,41,63,0,13
87,490,7,0,2177,12570,399,364,6,3,15,1,62,63.555,8697,0,1139,96,180,1,162,0,46,15
87,491,13,1,5266,15330,565,643,20,2,11,4,103,15.4431,26191,0,2671,204,46,1,63,69,41,21
87,492,106,2,4956,14955,542,595,8,4,24,7,140,0,18627,0,3400,50,36,185,145,141,46,20
87,0,42,3,3971,15135,521,554,5,3,12,3,136,39.3806,7198,1519,3321,1,46,143,65,63,112,19
87,0,85,4,5739,10550,457,473,10,3,18,2,62,0,8875,1716,1848,231,90,36,88,46,0,18
87,493,80,128,2039,8100,374,413,5,9,4,22,150,0,10035,0,321,29,0,0,0,0,0,16
87,253,1,129,275,18970,555,613,2,4,4,9,285,0.667114,6409,64,3059,63,147,145,81,53,113,20
87,0,26,130,1276,5075,242,228,2,14,8,2,32,30.1573,4146,0,55,218,1,214,0,36,0,12
87,0,30,131,467,4250,182,145,1,16,7,0,18,50.8374,5666,1080,19,180,0,31,43,34,0,9
87,494,74,132,735,10920,356,386,2,8,2,15,132,50.6191,7471,0,39,77,50,98,168,16,21,16
88,0,9,0,2196,19985,388,436,3,5,20,2,155,70.8818,9747,0,2373,139,50,185,168,147,0,21
88,495,74,1,4831,16915,403,506,2,6,24,5,187,143.633,11396,0,1446,100,108,50,0,235,0,23
88,0,25,2,4452,16345,408,511,10,8,19,0,174,99.3801,16910,0,1102,96,100,48,108,0,0,23
88,0,21,3,3657,23780,475,549,14,4,10,6,213,60.7548,16214,0,5747,50,102,141,160,108,51,24
88,496,32,4,4891,18325,426,529,12,12,12,21,160,10.8708,13743,0,2665,116,208,71,63,196,46,24
88,497,86,128,541,12725,238,319,1,8,13,2,64,45.2909,6031,0,212,214,36,108,27,218,23,18
88,498,70,129,165,16335,385,465,9,8,8,1,250,9.4998,13250,609,527,1,81,143,48,116,0,22
88,499,110,130,2356,16715,388,477,14,7,15,2,235,5.01709,27669,951,437,214,235,92,119,46,53,22
88,500,71,131,234,12015,254,298,5,10,18,1,65,121.919,8250,0,188,21,108,40,0,63,254,18
88,501,106,132,1097,20520,433,497,6,9,9,4,380,0,14771,0,608,141,116,145,0,48,185,23
89,502,90,0,479,12610,297,353,4,12,5,7,124,17.7548,4861,0,248,102,206,214,46,0,40,18
89,503,39,1,4284,20310,504,612,20,5,8,9,247,25.2192,26172,0,564,63,100,116,108,135,0,25
89,504,110,2,745,10495,301,389,7,13,16,2,61,9.80005,14636,182,51,214,46,119,43,65,40,19
89,0,19,3,1806,14125,345,367,10,14,11,3,119,50.4955,17312,0,464,1,55,63,46,108,9,19
89,505,42,4,1408,15310,365,478,2,11,16,0,208,40.442,9948,865,243,116,63,0,1,46,137,22
89,0,84,128,1094,13770,307,389,1,12,22,14,61,53.3273,9699,0,722,0,6,108,235,46,29,19
89,325,74,129,2199,24585,534,617,15,8,14,16,165,67.9623,21731,610,1712,100,194,235,65,108,48,25
89,326,26,130,3494,16735,383,478,8,5,13,2,108,41.857,7363,0,187,254,0,37,1,108,48,22
89,506,56,131,3005,22230,506,599,14,11,10,4,190,0.13373000000000002,19062,0,6134,212,154,98,63,135,52,24
89,0,93,132,704,28870,546,616,16,7,15,32,224,15.721,19555,0,5445,249,208,139,46,160,63,25
90,507,110,0,702,13140,380,485,11,12,11,3,109,12.7471,22019,186,321,214,92,36,218,53,137,20
90,508,70,1,2241,14890,438,620,13,13,13,0,113,4.21465,16345,306,139,1,116,50,143,81,46,23
90,509,35,2,1976,13540,386,470,8,8,15,3,125,0.333887,13413,0,456,147,36,63,164,166,0,20
90,510,73,3,987,16050,459,524,2,11,11,2,178,27.6992,4525,0,114,63,249,41,46,143,154,21
90,0,59,4,1539,8835,316,431,4,15,16,0,46,0,9676,184,70,151,61,92,164,46,63,19
90,511,88,128,1584,12345,364,401,11,10,19,2,59,117.856,13982,0,195,202,1,41,0,180,37,18
90,0,4,129,1637,18450,534,612,14,12,16,3,177,0.200615,19302,608,4029,135,158,127,63,48,0,22
90,0,15,130,1493,16385,441,600,11,7,16,11,114,0,16093,0,1939,88,114,127,63,52,125,22
90,512,68,131,2729,13215,376,402,9,5,21,4,44,45.7617,15091,0,142,100,58,29,15,108,0,18
90,513,69,132,4353,24640,669,729,13,6,19,1,251,0.233696,12521,1092,7945,114,50,116,137,112,81,25
91,514,6,0,2029,20395,452,593,7,7,5,2,182,0,10056,0,1078,8,141,152,63,164,247,23
91,0,36,1,488,16410,432,518,10,9,20,0,128,15.3069,15333,2733,0,114,137,104,0,0,50,21
91,0,28,2,2577,11380,336,453,2,11,13,0,44,64.786,6739,0,28,1,152,63,0,0,168,20
91,0,106,3,1098,13680,390,471,5,11,18,2,164,0,14233,0,105,145,41,185,48,149,0,20
91,0,25,4,2,11130,300,287,10,13,6,0,95,63.8355,14033,0,69,0,0,0,0,0,0,15
91,292,109,128,1324,25565,576,649,16,3,7,1,235,0,20029,0,8772,116,32,52,63,185,147,24
91,0,4,129,1632,15210,420,409,9,12,5,0,173,0,11108,0,710,152,63,11,154,135,0,19
91,0,26,130,1795,12540,303,373,7,8,10,0,15,50.893,7782,0,400,42,203,214,40,0,1,18
91,515,47,131,360,16810,410,444,9,9,13,10,132,0,16050,0,2145,212,48,249,147,0,0,19
91,0,42,132,2413,19595,481,692,10,6,18,1,146,62.8283,17410,3317,1501,114,116,0,63,151,135,25
92,516,100,0,465,9855,298,379,0,9,18,2,75,36.751,7910,0,35,50,42,168,46,185,41,16
92,517,106,1,2114,22030,612,721,11,4,9,9,351,0,21296,0,2225,141,0,36,212,145,48,23
92,518,57,2,1316,8425,305,395,3,8,14,1,50,0,6180,4669,0,178,1,254,34,46,180,16
92,0,14,3,1006,13665,420,405,11,12,16,1,118,29.6327,20179,131,54,50,102,100,92,127,37,17
92,519,21,4,1101,13660,416,455,6,7,6,10,178,38.347,9866,0,567,46,108,1,50,41,168,18
92,520,8,128,2421,19220,631,672,10,6,20,8,269,13.0863,19682,0,5741,32,212,154,48,143,160,22
92,521,38,129,1078,14160,461,434,10,11,17,7,126,42.6896,13247,0,2987,1,41,0,48,0,194,17
92,522,97,130,3229,17850,532,716,10,2,14,5,158,60.7026,11632,0,1422,48,102,1,235,133,152,22
92,523,85,131,2218,11785,395,387,8,8,15,0,69,0,6274,3094,421,108,36,0,46,231,216,16
92,524,86,132,1549,8355,280,300,0,7,9,4,46,28.74,3744,600,409,46,214,0,102,34,100,14
93,525,15,0,315,9615,303,355,2,11,5,5,146,0,11507,0,164,41,63,242,170,46,36,17
93,526,26,1,459,8700,251,291,7,11,3,0,17,52.9998,5793,1281,36,1,79,214,0,60,0,15
93,527,28,2,47,14625,370,382,2,8,7,32,189,88.9939,6099,0,41,11,63,152,1,135,21,17
93,528,54,3,1156,19390,519,625,9,5,6,7,219,1.50257,15383,561,587,50,154,112,135,46,65,22
93,529,84,4,266,6085,170,158,1,8,5,0,20,20.3947,3849,0,19,102,180,46,42,40,0,11
93,530,72,128,5253,21120,625,639,17,6,15,4,241,10.3856,21640,0,4977,50,212,154,164,135,133,23
93,0,7,129,3114,12005,357,381,8,4,14,0,46,58.5088,8953,0,367,180,1,119,46,102,0,17
93,531,74,130,3872,12820,385,471,4,4,19,4,92,57.4518,10190,0,1679,108,77,63,129,46,100,19
93,532,110,131,2055,12065,328,373,4,3,14,7,71,4.59888,9324,304,452,214,0,206,0,30,114,17
93,533,73,132,4076,28050,772,679,9,5,20,4,286,47.455,17413,0,4623,147,143,112,48,137,235,23
94,0,39,0,2876,15870,439,673,12,8,15,8,98,0,18587,0,186,116,41,63,0,108,24,22
94,534,63,1,946,15560,449,607,12,9,5,5,144,0,14108,0,727,75,123,116,168,63,0,21
94,0,30,2,697,7870,258,247,10,15,12,3,45,73.8147,9145,1308,113,46,180,254,40,60,21,13
94,535,26,3,511,5720,192,257,2,16,12,2,21,46.4787,5706,149,152,79,0,214,77,0,46,14
94,536,73,4,3130,20585,643,554,3,10,18,5,288,26.3374,7148,0,817,48,116,143,112,137,0,20
94,40,93,128,1491,25050,605,739,17,3,11,11,185,11.7075,20356,0,4023,116,143,152,63,52,160,24
94,537,16,129,5,13970,374,337,6,12,16,0,70,56.1276,8792,139,458,1,190,40,81,180,90,16
94,538,25,130,734,14200,374,338,7,9,9,0,69,35.7332,6762,0,1723,254,180,108,46,100,0,16
94,539,11,131,3113,24330,702,810,19,8,14,6,223,0,29612,0,6379,249,147,48,149,164,139,25
94,540,110,132,3193,13455,417,523,8,8,24,3,76,2.00684,19176,1903,495,92,190,48,0,119,0,20
95,541,10,0,1573,7050,354,376,2,7,4,8,105,8.98528,4961,0,0,63,65,41,37,12,12,14
95,542,15,1,46,11350,450,487,6,9,6,8,177,0,11632,0,314,41,212,37,63,32,154,16
95,543,112,2,62,6825,235,231,0,5,7,1,46,52.946,6056,0,59,180,254,0,0,46,36,11
95,544,27,3,229,5290,214,181,1,10,5,1,31,32.0658,2275,0,957,37,46,36,180,43,0,9
95,545,107,4,257,9040,352,396,4,4,7,1,61,62.543,7094,360,279,174,46,180,190,40,92,14
95,546,102,128,1796,9440,353,362,3,0,5,4,25,0,4146,4034,77,0,229,0,214,36,0,14
95,0,53,129,2979,13790,607,611,8,4,17,5,191,0,12028,0,4392,98,127,63,152,55,77,18
95,547,11,130,4008,14910,636,565,10,3,9,9,168,0,14023,0,5284,116,212,154,63,36,152,17
95,548,7,131,2589,10925,469,456,6,6,12,1,87,71.7154,10437,0,620,1,102,214,178,152,36,15
95,523,70,132,3556,14230,599,677,8,2,11,17,153,1.40488,10066,317,1441,50,36,1,143,81,116,19
96,339,63,0,2094,15975,522,583,10,4,20,4,128,0,15127,0,1835,123,212,46,137,63,149,19
96,337,30,1,3515,12545,441,467,15,5,22,1,31,85.7244,17353,2819,671,180,108,254,116,0,0,17
96,338,72,2,1231,21250,641,774,17,4,19,3,166,8.31831,22037,0,1721,36,48,116,156,212,135,22
96,0,21,3,4186,16450,611,635,14,4,12,8,144,37.7062,17404,0,6062,50,249,36,108,41,168,20
96,549,68,4,4330,9625,381,417,4,7,32,0,20,10.9539,12474,3021,698,108,92,0,180,46,0,16
96,0,37,128,829,9775,347,238,9,13,8,0,56,15.0626,11443,2302,296,23,231,43,21,60,0,12
96,550,87,129,309,10555,377,404,8,16,11,10,67,0,16089,0,195,1,41,36,50,27,108,16
96,551,81,130,1563,24245,528,692,2,7,6,4,194,33.9823,7309,2,174,151,81,242,29,145,170,21
96,552,18,131,266,7850,294,334,2,14,9,2,113,39.9683,6563,0,151,164,1,73,63,16,21,14
96,0,50,132,30,5365,177,228,1,10,4,6,22,0,2265,4532,157,218,46,0,254,180,0,11
97,0,107,0,893,15675,382,472,4,7,12,6,115,76.6842,9115,0,483,215,180,1,108,210,41,20
97,553,39,1,486,17880,420,458,11,8,15,4,106,0,13956,0,2640,98,123,0,63,46,108,20
97,554,90,2,3308,13835,407,373,4,8,9,0,177,24.7375,9090,0,2900,48,168,152,108,0,0,18
97,555,22,3,1176,17495,437,496,18,10,15,0,74,3.00208,29467,0,1122,180,110,108,129,190,0,21
97,556,70,4,3560,13050,424,510,6,7,11,0,127,0,9590,448,787,41,63,214,180,61,81,21
97,0,86,128,226,10090,251,366,4,11,8,1,38,60.8544,5149,0,24,38,36,180,108,23,28,18
97,0,21,129,3148,14815,411,611,13,12,6,0,97,42.2968,20520,0,763,50,0,135,77,108,149,23
97,0,1,130,294,15325,371,462,10,4,5,5,215,8.19385,10125,0,51,145,182,63,143,10,147,20
97,557,8,131,722,10735,293,403,1,8,13,3,132,0,10642,0,74,50,172,149,108,0,0,19
97,0,15,132,1092,12735,363,441,10,14,4,0,147,0,12293,0,0,212,63,154,139,0,0,19
98,558,7,0,855,3430,174,141,0,6,3,7,35,51.9545,5166,0,0,29,1,0,44,39,16,8
98,559,80,1,778,8865,299,328,1,4,3,0,122,0,3359,0,683,63,170,168,0,0,0,13
98,560,9,2,1062,3445,164,182,1,3,3,3,20,59.2358,5933,0,0,63,0,212,0,36,0,9
98,561,73,3,191,9985,397,326,1,6,0,9,112,11.697,7347,0,219,11,41,137,22,0,48,13
98,562,1,4,1196,6860,308,359,3,4,2,5,93,0.33320299999999997,3962,0,0,145,182,0,63,0,0,13
98,563,43,128,1523,12765,492,372,2,0,6,4,118,0,7244,0,4115,96,41,121,50,0,0,13
98,0,82,129,4032,13195,590,730,7,2,7,2,136,0,10766,417,5810,1,48,0,81,0,108,19
98,564,84,130,2875,7005,332,264,2,0,9,15,18,14.5988,2928,0,63,40,0,108,180,0,0,11
98,0,75,131,1214,9415,384,324,5,5,4,2,32,0,7380,1190,1633,79,98,63,77,77,0,13
98,565,35,132,3492,10670,483,257,7,0,7,11,92,0.10006799999999999,9114,0,2495,63,212,0,166,46,147,11
99,0,112,0,393,9445,389,415,1,1,11,1,23,28.2598,5008,0,603,180,100,1,15,65,0,13
99,566,32,1,1671,12870,602,543,15,3,5,0,50,0,14591,0,3071,174,75,181,63,154,52,15
99,0,57,2,6012,3645,382,294,2,2,4,2,27,0,3852,2078,787,180,0,36,181,0,0,11
99,0,11,3,3010,14800,724,637,8,2,8,27,183,2.53271,10137,1182,3214,36,63,79,160,212,100,17
99,40,93,4,74,15200,601,474,5,1,2,18,146,0,3714,0,2952,63,36,152,143,160,212,14
99,0,81,128,49,3890,191,197,0,10,5,3,36,36.9901,3757,0,5,63,73,25,2,0,0,9
99,0,39,129,1665,6440,326,373,3,4,3,1,65,0,5570,0,46,60,41,36,21,63,77,13
99,567,80,130,1426,4650,295,309,1,6,1,2,85,0,2652,0,0,0,0,0,0,0,0,11
99,0,25,131,87,7720,333,339,5,5,1,1,65,12.7636,8250,0,32,50,41,40,100,21,60,12
99,568,87,132,1477,3070,185,194,0,6,7,11,15,0,3591,0,0,0,0,180,40,46,0,9
100,569,79,0,1185,7990,303,294,9,12,7,2,37,42.9595,6643,0,34,180,36,218,22,21,23,14
100,570,52,1,2775,12020,463,581,7,10,15,7,202,57.8101,25445,927,565,36,100,121,37,29,46,21
100,571,93,2,458,14525,393,458,2,10,7,6,223,0,8012,0,1061,46,8,152,63,160,0,18
100,0,71,3,4064,9825,382,482,12,11,13,1,16,132.406,14428,364,0,92,127,116,46,181,63,19
100,572,28,4,701,11535,360,466,8,9,10,0,73,76.1479,10665,0,141,1,102,152,63,31,46,18
100,0,7,128,3189,18400,540,681,13,7,20,3,110,106.472,18369,0,3133,1,102,152,180,69,235,22
100,523,70,129,2121,18480,546,543,7,6,11,11,198,11.7689,13385,376,3445,50,208,1,81,33,116,20
100,573,91,130,1122,9015,342,430,6,9,14,1,28,0,5015,7097,557,41,92,254,180,53,46,18
100,574,39,131,3607,28805,745,815,21,3,22,6,220,0,28129,0,4138,119,48,108,110,0,133,25
100,575,5,132,1563,8245,311,279,4,14,18,0,17,2.535,7891,0,501,46,37,1,36,40,214,14
